topic_code,source_topic_id,source_type,source_id,title,sort_no,source
LR_TOPIC_000001,9109,book,79248909,吞噬星空||玄幻科幻|我爱吃西红柿|末日文|动漫IP,1,lrts
LR_TOPIC_000001,9109,book,60679733,坏蛋是怎样炼成的|合集|征服快感|王者法则|热血逆袭,2,lrts
LR_TOPIC_000001,9109,book,95771537,凡人修仙传之仙界篇|多人有声剧,3,lrts
LR_TOPIC_000001,9109,book,29592666,回到明朝当王爷|月关作品|历史类网文点击率第一|精品多人剧,4,lrts
LR_TOPIC_000002,9110,book,94948069,农家小福女|多人有声剧|大神种田文巅峰之作|家长里短|温馨搞笑,1,lrts
LR_TOPIC_000002,9110,book,18827903,摘仙令|搞笑大女主|无CP|停不下来的经典修仙文|精品多人有声剧,2,lrts
LR_TOPIC_000002,9110,book,52847052,六宫凤华|多人有声剧|重生穿越|全民疯批|绝无仅有的权谋大戏,3,lrts
LR_TOPIC_000002,9110,book,11785871,重生后，我成了奸臣黑月光|完本畅听|轻松搞笑|多人有声|偏方方,4,lrts
LR_TOPIC_000002,9110,book,81939125,第一娇|病娇皇子|女纨绔|权谋与甜宠|爆笑穿越|精品多人有声剧,5,lrts
LR_TOPIC_000003,9112,book,58300278,北派盗墓笔记|周建龙演播|全网霸榜|写实盗墓文| 灵异探险|作者云峰,1,lrts
LR_TOPIC_000003,9112,book,51080118,沙海|周建龙播|南派三叔著|盗墓笔记系列|吴邪,2,lrts
LR_TOPIC_000003,9112,book,50128375,诡神冢|周建龙监制|堪比盗墓笔记|悬疑灵异|精品多播有声剧,3,lrts
LR_TOPIC_000003,9112,book,51098455,灯海寻尸|周建龙播|盗墓笔记系列合集|南派三叔|藏海花|老九门,4,lrts
LR_TOPIC_000003,9112,book,27628050,天命出马仙|周建龙监制||精品多播有声剧|悬疑灵异,5,lrts
LR_TOPIC_000004,9113,book,19715468,风水有术|道术砸老天饭碗|多播剧|风水秘术玄学|悬疑灵异|道门绝秘,1,lrts
LR_TOPIC_000004,9113,book,43820101,凡人修仙传|关彦之多播精配版|精编版,2,lrts
LR_TOPIC_000004,9113,book,43913,全球高武|热播动漫原著|多人小说剧,3,lrts
LR_TOPIC_000004,9113,book,21630696,抗日之兵魂传说|关彦之|全新多播精品重置|破10亿神作,4,lrts
LR_TOPIC_000004,9113,book,68263930,轮回乐园|关彦之|全新重制|多播剧|起点霸榜|无限流神作,5,lrts
LR_TOPIC_000005,9100,book,40339281,最强反套路系统|又名最强装逼打脸系统| 谦儿2016演播,1,lrts
LR_TOPIC_000005,9100,book,83911573,屌丝道士第1部|又名废柴奇遇|谦儿2016演播|搞笑奇遇,2,lrts
LR_TOPIC_000005,9100,book,34059900,屌丝道士第2部|又名厄运起源|谦儿2016演播|搞笑奇遇,3,lrts
LR_TOPIC_000005,9100,book,36717293,最强的系统|谦儿2016演播|大神新丰作品,4,lrts
LR_TOPIC_000005,9100,book,83166317,屌丝道士第3部|命运轮回|谦儿2016演播|搞笑奇遇,5,lrts
LR_TOPIC_000006,9101,book,38490616,神秘复苏|冠冠演播|恐怖惊悚|火爆神作灵异悬疑|江湖物资|异能布局,1,lrts
LR_TOPIC_000006,9101,book,24265187,天倾之后|神秘复苏续|冠冠演播|佛前献花|大神作品,2,lrts
LR_TOPIC_000006,9101,book,70703484,造化之门|鹅是老五仙侠力作|异世大陆|穿越玄幻|奇幻修真,3,lrts
LR_TOPIC_000006,9101,book,79309094,天下藏局|听泉鉴宝题材|完结畅听|盗墓|江湖玄术|边水往事同题材,4,lrts
LR_TOPIC_000006,9101,book,53809203,怪谈游戏设计师|冠冠演播|多人有声剧|恐怖惊悚|悬疑推理|诡异怪谈,5,lrts
LR_TOPIC_000006,9101,book,80702417,鲁班书|冠冠主播|悬疑惊悚|恐怖灵异|民间风水,6,lrts
LR_TOPIC_000007,9111,book,98898424,东北出马仙第一部|抖音爆款|牛大宝同款|無心方丈|出马弟子破天道|民间恐怖灵异故事,1,lrts
LR_TOPIC_000007,9111,book,40334497,东北出马仙第四部|抖音爆款|無心方丈|三集必上瘾|灵异鬼故事|东北唠嗑,2,lrts
LR_TOPIC_000007,9111,book,43579000,北派盗墓笔记|無心方丈演播|爆笑逗比东北话版|悬疑盗墓|精品有声剧,3,lrts
LR_TOPIC_000007,9111,book,29652297,东北出马仙第二部|抖音爆款|無心方丈|纸人判官落凡尘|民间恐怖灵异鬼故事|东北唠嗑,4,lrts
LR_TOPIC_000007,9111,book,26600063,史上第一混乱|無心方丈|东北话搞笑演绎|牛大宝同款,5,lrts
LR_TOPIC_000008,9099,book,39796858,仙逆|完结多人剧|王林李慕婉|动漫原著|曲中人有故事演播,1,lrts
LR_TOPIC_000008,9099,book,61804896,遮天|完结多人剧|曲中人有故事领衔|动漫热播原著,2,lrts
LR_TOPIC_000008,9099,book,18109726,斗破苍穹|第1024集激活族纹|动漫原著|剧情抢先听,3,lrts
LR_TOPIC_000008,9099,book,23930053,完美世界|多人剧完结|曲中人有故事、曲中人工作室|动漫热播原著,4,lrts
LR_TOPIC_000008,9099,book,90108698,神墓|多人剧完结|曲中人有故事|曲中人工作室|动漫热播原著,5,lrts
LR_TOPIC_000009,9108,book,72702862,麻衣神算子|袏佑|悬疑神作|阴阳风水|黄泉引路人|我给死人看命,1,lrts
LR_TOPIC_000009,9108,book,87933246,星门|老鹰吃小鸡重磅新书|畅销榜作品|完结畅听,2,lrts
LR_TOPIC_000009,9108,book,25421713,从斩妖除魔开始长生不死|阳寿降妖|天命斩妖人|爆款爽文|袏佑新作,3,lrts
LR_TOPIC_000009,9108,book,15946443,都市之神医下山|爽文多播精品剧|袏佑|都市修真|赘婿打脸爽文,4,lrts
LR_TOPIC_000009,9108,book,73087394,天才俱乐部|起点TOP1|于申威团队新品|硬核科幻悬疑都市,5,lrts
LR_TOPIC_000012,9115,book,73538278,我有一座冒险屋|多人有声剧|冠冠演播|我会修空调,1,lrts
LR_TOPIC_000012,9115,book,76806650,大道之上|2025有声剧|宅猪新作|杀伐果断|疯子有声工作室,2,lrts
LR_TOPIC_000013,5021,book,29993,大主宰|热播同名动漫原著,1,lrts
LR_TOPIC_000013,5021,book,30350,雪鹰领主|许凯、娜扎主演影视原著|我吃西红柿力作,2,lrts
LR_TOPIC_000013,5021,book,31464,妖神记|上部完结/同名热播动漫原著,3,lrts
LR_TOPIC_000013,5021,book,36371,一世倾城|又名：邪王追妻,4,lrts
LR_TOPIC_000013,5021,book,39238,牧神记|热播动画原著,5,lrts
LR_TOPIC_000013,5021,book,41261,崩坏星河,6,lrts
LR_TOPIC_000013,5021,book,43913,全球高武|热播动漫原著|多人小说剧,7,lrts
LR_TOPIC_000013,5021,book,12589306,师父又掉线了|同名热门动漫原著,8,lrts
LR_TOPIC_000013,5021,book,18664199,剑来|精品三播|动漫2剧情抢先听|对应第66集,9,lrts
LR_TOPIC_000013,5021,book,39796858,仙逆|完结多人剧|王林李慕婉|动漫原著|曲中人有故事演播,10,lrts
LR_TOPIC_000013,5021,book,45563076,武神主宰|同名影视原著|玄幻+作品,11,lrts
LR_TOPIC_000013,5021,book,47158762,无上神帝|热播动漫原著|玄幻+作品,12,lrts
LR_TOPIC_000013,5021,book,47379839,闪婚总裁契约妻|豪门总裁|爆款影视原著,13,lrts
LR_TOPIC_000013,5021,book,61804896,遮天|完结多人剧|曲中人有故事领衔|动漫热播原著,14,lrts
LR_TOPIC_000013,5021,book,71978227,凡人修仙传|多人有声剧|杨洋主演影视原著|大结局抢先听,15,lrts
LR_TOPIC_000013,5021,book,77681877,仙王的日常生活|同名热播动画原著,16,lrts
LR_TOPIC_000014,5016,book,32157,一品仵作|古风推理探案|多人有声剧,1,lrts
LR_TOPIC_000014,5016,book,35856,许你万丈光芒好|宠妻如命|虐狗护妻|甜蜜暴击,2,lrts
LR_TOPIC_000014,5016,book,47001,史上最强赘婿|双播,3,lrts
LR_TOPIC_000014,5016,book,27628736,锦绣芳华|杨紫、李现主演影视剧原著|大女主|事业文,4,lrts
LR_TOPIC_000014,5016,book,59643989,清宫熹妃传|后宫权谋|多人精品剧,5,lrts
LR_TOPIC_000014,5016,book,61602672,北上|白鹿&欧豪主演同名影视原著|茅盾文学奖|徐则臣著,6,lrts
LR_TOPIC_000014,5016,book,70602317,重生之将门毒后|霸榜作品|谢景行&沈妙|千山茶客|精品多播,7,lrts
LR_TOPIC_000014,5016,book,71978227,凡人修仙传|多人有声剧|杨洋主演影视原著|大结局抢先听,8,lrts
LR_TOPIC_000014,5016,book,88857421,重生之贵女难求|雁回时|陈都灵主演《贵女》原著|千山茶客,9,lrts
LR_TOPIC_000014,5016,book,95181566,大奉打更人|多人有声剧|破亿完结爆款|王鹤棣、田曦薇主演影视|卖报小郎君,10,lrts
LR_TOPIC_000015,5054,book,33943,我的1997,1,lrts
LR_TOPIC_000015,5054,book,39066,一路走过：改革开放40年,2,lrts
LR_TOPIC_000015,5054,book,44423,破冰行动,3,lrts
LR_TOPIC_000015,5054,book,47251,吴敬琏传,4,lrts
LR_TOPIC_000016,9071,book,4692,我的贴身校花|精品双播|玄幻+作品,1,lrts
LR_TOPIC_000016,9071,book,30291,武极天下|丹羽道演播,2,lrts
LR_TOPIC_000016,9071,book,32172,抗日之兵魂传说|穿越抗战|百发百中|搅局破敌|智斗逆袭|热血反杀,3,lrts
LR_TOPIC_000016,9071,book,43913,全球高武|热播动漫原著|多人小说剧,4,lrts
LR_TOPIC_000016,9071,book,47246,我能复制天赋|我能复制天赋|天赋复制|轻松碾压|实力狂飙,5,lrts
LR_TOPIC_000016,9071,book,18109726,斗破苍穹|第1024集激活族纹|动漫原著|剧情抢先听,6,lrts
LR_TOPIC_000016,9071,book,22484125,修真界败类|超爽|搞笑|玄幻修仙|超多主播有声剧,7,lrts
LR_TOPIC_000016,9071,book,23049456,都重生了谁谈恋爱啊|完结畅听版多人剧|校花|女神|爽文|大神错哪儿了,8,lrts
LR_TOPIC_000016,9071,book,24186919,单田芳：白眉大侠|320回,9,lrts
LR_TOPIC_000016,9071,book,28326923,逆天邪神|云澈|火星引力|群魔度佛,10,lrts
LR_TOPIC_000016,9071,book,34199704,万世之名|从婴儿开始入道|起点霸榜作品|婴儿流|腹黑|热血,11,lrts
LR_TOPIC_000016,9071,book,35967987,盗墓笔记|周建龙演播|全八部完结||南派三叔著,12,lrts
LR_TOPIC_000016,9071,book,41181526,谁让他修仙的|多人剧丨曲中人工作室丨爆笑修仙丨最白的乌鸦,13,lrts
LR_TOPIC_000016,9071,book,49528554,都市之神医下山|爽文|快更版|AI旁白多人剧,14,lrts
LR_TOPIC_000016,9071,book,56769312,重生小民警：都重生了谁还玩低调|都市小人物翻身爽文,15,lrts
LR_TOPIC_000016,9071,book,56936499,高武纪元|官方精品多播|起点月票Top1|大神烽仙作品,16,lrts
LR_TOPIC_000016,9071,book,61752466,史上最强赘婿|百人多播剧|轻松搞笑|小白爽文|软饭流,17,lrts
LR_TOPIC_000016,9071,book,61804896,遮天|完结多人剧|曲中人有故事领衔|动漫热播原著,18,lrts
LR_TOPIC_000016,9071,book,62765656,逍遥四公子|爆笑穿越|重生逆袭|精品多人有声剧,19,lrts
LR_TOPIC_000016,9071,book,65748962,斗罗大陆V重生唐三|唐家三少|赞扬演播|完结,20,lrts
LR_TOPIC_000016,9071,book,66828517,从天后演唱会出道|都市文娱|系统爽文,21,lrts
LR_TOPIC_000016,9071,book,71931128,上门龙婿|影视剧《进击的叶辰》影视原著|至尊龙婿叶辰,22,lrts
LR_TOPIC_000016,9071,book,73087394,天才俱乐部|起点TOP1|于申威团队新品|硬核科幻悬疑都市,23,lrts
LR_TOPIC_000016,9071,book,75335356,瞎编功法，徒儿你真练成了,24,lrts
LR_TOPIC_000016,9071,book,77428638,北宋穿越指南|宋徽宗+枭雄+轻松搞笑|父子双穿,25,lrts
LR_TOPIC_000016,9071,book,79248909,吞噬星空||玄幻科幻|我爱吃西红柿|末日文|动漫IP,26,lrts
LR_TOPIC_000016,9071,book,81694271,全民转职：死灵法师|我即是天灾|飞卢霸榜|多人精品有声剧,27,lrts
LR_TOPIC_000016,9071,book,94326793,道士不好惹|古井观传奇|全新重制多人版|风水玄学|骨头演播,28,lrts
LR_TOPIC_000016,9071,book,95353201,道诡异仙|精品声音剧 | 声娱文化 | 全网爆款神作 | 中式克苏鲁|《哪吒2》配音cv作品,29,lrts
LR_TOPIC_000017,9072,book,1377,仙逆|朱宇演播|热播动漫原著|全网追听经典版本|全篇完结,1,lrts
LR_TOPIC_000017,9072,book,17195298,重生之将门毒后|千山茶客作品合集|嫡女祸妃|贵女难求|嫡家千金,2,lrts
LR_TOPIC_000017,9072,book,18109726,斗破苍穹|第1024集激活族纹|动漫原著|剧情抢先听,3,lrts
LR_TOPIC_000017,9072,book,18783096,帝师是个坑|多人有声剧,4,lrts
LR_TOPIC_000017,9072,book,19179797,香归|精品多人有声剧|真千金归来|古言宅斗,5,lrts
LR_TOPIC_000017,9072,book,22695734,乡村神医|乡村小邪医|精品多人有声剧,6,lrts
LR_TOPIC_000017,9072,book,24691456,兰香缘|完本畅听|影视剧《兰香如故》原著|双穿重生,7,lrts
LR_TOPIC_000017,9072,book,29560387,鬼吹灯|盗墓者的经历|周建龙演播,8,lrts
LR_TOPIC_000017,9072,book,34059900,屌丝道士第2部|又名厄运起源|谦儿2016演播|搞笑奇遇,9,lrts
LR_TOPIC_000017,9072,book,35967987,盗墓笔记|周建龙演播|全八部完结||南派三叔著,10,lrts
LR_TOPIC_000017,9072,book,39796858,仙逆|完结多人剧|王林李慕婉|动漫原著|曲中人有故事演播,11,lrts
LR_TOPIC_000017,9072,book,44361721,隋唐演义|历史评书,12,lrts
LR_TOPIC_000017,9072,book,46337144,花醉满堂|白金大神西子情著|女强甜宠,13,lrts
LR_TOPIC_000017,9072,book,55752242,将军，夫人喊你种田了|多人有声剧 | 爆笑穿越&古风种田（完结,14,lrts
LR_TOPIC_000017,9072,book,59003787,独步成仙|破亿神作|凡人修仙|热血玄幻【精配多播,15,lrts
LR_TOPIC_000017,9072,book,61752466,史上最强赘婿|百人多播剧|轻松搞笑|小白爽文|软饭流,16,lrts
LR_TOPIC_000017,9072,book,61804896,遮天|完结多人剧|曲中人有故事领衔|动漫热播原著,17,lrts
LR_TOPIC_000017,9072,book,62765656,逍遥四公子|爆笑穿越|重生逆袭|精品多人有声剧,18,lrts
LR_TOPIC_000017,9072,book,64890979,天命阴阳人|胖书生演播|悬疑灵异|多人有声剧,19,lrts
LR_TOPIC_000017,9072,book,74368108,猫小九历险记|少儿大型奇幻冒险|奇喵宇宙,20,lrts
LR_TOPIC_000017,9072,book,75335356,瞎编功法，徒儿你真练成了,21,lrts
LR_TOPIC_000017,9072,book,79248909,吞噬星空||玄幻科幻|我爱吃西红柿|末日文|动漫IP,22,lrts
LR_TOPIC_000017,9072,book,79296120,娇娘医经|阅文白金希行原著|25位CV倾情演播|大女主重生逆袭,23,lrts
LR_TOPIC_000017,9072,book,90213962,大叔，乖乖宠我|霸总甜宠网剧,24,lrts
LR_TOPIC_000017,9072,book,94326793,道士不好惹|古井观传奇|全新重制多人版|风水玄学|骨头演播,25,lrts
LR_TOPIC_000018,9073,book,1377,仙逆|朱宇演播|热播动漫原著|全网追听经典版本|全篇完结,1,lrts
LR_TOPIC_000018,9073,book,4692,我的贴身校花|精品双播|玄幻+作品,2,lrts
LR_TOPIC_000018,9073,book,30291,武极天下|丹羽道演播,3,lrts
LR_TOPIC_000018,9073,book,32172,抗日之兵魂传说|穿越抗战|百发百中|搅局破敌|智斗逆袭|热血反杀,4,lrts
LR_TOPIC_000018,9073,book,43913,全球高武|热播动漫原著|多人小说剧,5,lrts
LR_TOPIC_000018,9073,book,47246,我能复制天赋|我能复制天赋|天赋复制|轻松碾压|实力狂飙,6,lrts
LR_TOPIC_000018,9073,book,17195298,重生之将门毒后|千山茶客作品合集|嫡女祸妃|贵女难求|嫡家千金,7,lrts
LR_TOPIC_000018,9073,book,18109726,斗破苍穹|第1024集激活族纹|动漫原著|剧情抢先听,8,lrts
LR_TOPIC_000018,9073,book,18783096,帝师是个坑|多人有声剧,9,lrts
LR_TOPIC_000018,9073,book,19179797,香归|精品多人有声剧|真千金归来|古言宅斗,10,lrts
LR_TOPIC_000018,9073,book,22484125,修真界败类|超爽|搞笑|玄幻修仙|超多主播有声剧,11,lrts
LR_TOPIC_000018,9073,book,22695734,乡村神医|乡村小邪医|精品多人有声剧,12,lrts
LR_TOPIC_000018,9073,book,23049456,都重生了谁谈恋爱啊|完结畅听版多人剧|校花|女神|爽文|大神错哪儿了,13,lrts
LR_TOPIC_000018,9073,book,24186919,单田芳：白眉大侠|320回,14,lrts
LR_TOPIC_000018,9073,book,24691456,兰香缘|完本畅听|影视剧《兰香如故》原著|双穿重生,15,lrts
LR_TOPIC_000018,9073,book,28326923,逆天邪神|云澈|火星引力|群魔度佛,16,lrts
LR_TOPIC_000018,9073,book,29560387,鬼吹灯|盗墓者的经历|周建龙演播,17,lrts
LR_TOPIC_000018,9073,book,34059900,屌丝道士第2部|又名厄运起源|谦儿2016演播|搞笑奇遇,18,lrts
LR_TOPIC_000018,9073,book,34199704,万世之名|从婴儿开始入道|起点霸榜作品|婴儿流|腹黑|热血,19,lrts
LR_TOPIC_000018,9073,book,35967987,盗墓笔记|周建龙演播|全八部完结||南派三叔著,20,lrts
LR_TOPIC_000018,9073,book,39796858,仙逆|完结多人剧|王林李慕婉|动漫原著|曲中人有故事演播,21,lrts
LR_TOPIC_000018,9073,book,41181526,谁让他修仙的|多人剧丨曲中人工作室丨爆笑修仙丨最白的乌鸦,22,lrts
LR_TOPIC_000018,9073,book,44361721,隋唐演义|历史评书,23,lrts
LR_TOPIC_000018,9073,book,46337144,花醉满堂|白金大神西子情著|女强甜宠,24,lrts
LR_TOPIC_000018,9073,book,49528554,都市之神医下山|爽文|快更版|AI旁白多人剧,25,lrts
LR_TOPIC_000018,9073,book,55752242,将军，夫人喊你种田了|多人有声剧 | 爆笑穿越&古风种田（完结,26,lrts
LR_TOPIC_000018,9073,book,56769312,重生小民警：都重生了谁还玩低调|都市小人物翻身爽文,27,lrts
LR_TOPIC_000018,9073,book,56936499,高武纪元|官方精品多播|起点月票Top1|大神烽仙作品,28,lrts
LR_TOPIC_000018,9073,book,59003787,独步成仙|破亿神作|凡人修仙|热血玄幻【精配多播,29,lrts
LR_TOPIC_000018,9073,book,61752466,史上最强赘婿|百人多播剧|轻松搞笑|小白爽文|软饭流,30,lrts
LR_TOPIC_000018,9073,book,61804896,遮天|完结多人剧|曲中人有故事领衔|动漫热播原著,31,lrts
LR_TOPIC_000018,9073,book,62765656,逍遥四公子|爆笑穿越|重生逆袭|精品多人有声剧,32,lrts
LR_TOPIC_000018,9073,book,64890979,天命阴阳人|胖书生演播|悬疑灵异|多人有声剧,33,lrts
LR_TOPIC_000018,9073,book,65748962,斗罗大陆V重生唐三|唐家三少|赞扬演播|完结,34,lrts
LR_TOPIC_000018,9073,book,66828517,从天后演唱会出道|都市文娱|系统爽文,35,lrts
LR_TOPIC_000018,9073,book,71931128,上门龙婿|影视剧《进击的叶辰》影视原著|至尊龙婿叶辰,36,lrts
LR_TOPIC_000018,9073,book,73087394,天才俱乐部|起点TOP1|于申威团队新品|硬核科幻悬疑都市,37,lrts
LR_TOPIC_000018,9073,book,74368108,猫小九历险记|少儿大型奇幻冒险|奇喵宇宙,38,lrts
LR_TOPIC_000018,9073,book,75335356,瞎编功法，徒儿你真练成了,39,lrts
LR_TOPIC_000018,9073,book,77428638,北宋穿越指南|宋徽宗+枭雄+轻松搞笑|父子双穿,40,lrts
LR_TOPIC_000018,9073,book,79248909,吞噬星空||玄幻科幻|我爱吃西红柿|末日文|动漫IP,41,lrts
LR_TOPIC_000018,9073,book,79296120,娇娘医经|阅文白金希行原著|25位CV倾情演播|大女主重生逆袭,42,lrts
LR_TOPIC_000018,9073,book,81694271,全民转职：死灵法师|我即是天灾|飞卢霸榜|多人精品有声剧,43,lrts
LR_TOPIC_000018,9073,book,90213962,大叔，乖乖宠我|霸总甜宠网剧,44,lrts
LR_TOPIC_000018,9073,book,94326793,道士不好惹|古井观传奇|全新重制多人版|风水玄学|骨头演播,45,lrts
LR_TOPIC_000018,9073,book,95353201,道诡异仙|精品声音剧 | 声娱文化 | 全网爆款神作 | 中式克苏鲁|《哪吒2》配音cv作品,46,lrts
LR_TOPIC_000019,4919,book,35801,绝世武神|无限流开挂,1,lrts
LR_TOPIC_000019,4919,book,37318,万古天帝|重生复仇|破苍逆坤|凌天踏界,2,lrts
LR_TOPIC_000019,4919,book,37430,嗜血医妃：邪王盛宠小野妃|多人精品剧,3,lrts
LR_TOPIC_000019,4919,book,39845,黑猫历险记|艾宝良|世界名著|儿童童话睡前故事|哄睡,4,lrts
LR_TOPIC_000019,4919,book,39868,药妃倾城：禁欲王爷破戒后宠妻无度|天才小毒妃姐妹篇,5,lrts
LR_TOPIC_000019,4919,book,42101,天涯双探,6,lrts
LR_TOPIC_000019,4919,book,42136,古玩笔记合集,7,lrts
LR_TOPIC_000019,4919,book,42212,《冰鉴》：曾国藩识人术|国学经典,8,lrts
LR_TOPIC_000019,4919,book,43432,闪婚老公太凶猛|打脸渣男,9,lrts
LR_TOPIC_000019,4919,book,43870,北师大教授康震的唐诗解读课,10,lrts
LR_TOPIC_000019,4919,book,47243,吾乃六耳猕猴,11,lrts
LR_TOPIC_000019,4919,book,11536582,总裁宠妻揽入怀,12,lrts
LR_TOPIC_000019,4919,book,12714546,米小圈三国演义,13,lrts
LR_TOPIC_000019,4919,book,12863245,起风的时候想起你,14,lrts
LR_TOPIC_000019,4919,book,17414348,米小圈快乐西游记,15,lrts
LR_TOPIC_000019,4919,book,23323774,我的总裁七岁半,16,lrts
LR_TOPIC_000019,4919,book,33579646,穿越之毒妃嫁到,17,lrts
LR_TOPIC_000019,4919,book,36928953,重生第一宠：大佬甜妻宠上天,18,lrts
LR_TOPIC_000019,4919,book,39245056,亿宠成婚，总裁圈住爱,19,lrts
LR_TOPIC_000019,4919,book,46225467,米小圈快来学古诗,20,lrts
LR_TOPIC_000019,4919,book,48223000,吐槽大会|金牌编剧robin的24招超级幽默术,21,lrts
LR_TOPIC_000019,4919,book,51104879,万水千山走遍|三毛的疗愈自我之旅|雪坤演播,22,lrts
LR_TOPIC_000019,4919,book,51850782,夜雨秋灯录：民间志怪故事|拓仙人演播,23,lrts
LR_TOPIC_000019,4919,book,53368891,任正非：除了胜利，我们已无路可走,24,lrts
LR_TOPIC_000019,4919,book,64090452,机甲星球|星云奖杨鹏奇迹之作,25,lrts
LR_TOPIC_000019,4919,book,66939016,拐个王爷来生娃,26,lrts
LR_TOPIC_000019,4919,book,77136393,龙婿,27,lrts
LR_TOPIC_000019,4919,book,78274897,穿越当天喜当娘，王爷们抢疯了|女杀手穿越|古言爆笑高甜宠妻护短,28,lrts
LR_TOPIC_000019,4919,book,79536966,科学奇遇记：恐龙星球大作战,29,lrts
LR_TOPIC_000019,4919,book,85708372,千万粉丝网红教你打造超级ip,30,lrts
LR_TOPIC_000019,4919,book,89124863,退后让为师来|玄幻+作品,31,lrts
LR_TOPIC_000019,4919,book,95740828,都市极品医神|强势归来|修为逆袭|苍穹争霸|复仇雪恨|巅峰对决,32,lrts
LR_TOPIC_000020,4978,book,33426,"撒哈拉,梦中的橄榄树:三毛与荷西的爱情童话",1,lrts
LR_TOPIC_000020,4978,book,33431,撒哈拉的眼泪：三毛传,2,lrts
LR_TOPIC_000020,4978,book,34702,三毛：1943|1991,3,lrts
LR_TOPIC_000020,4978,book,16154711,梦里花落知多少|三毛催泪之作|小曾演播|赵今麦推荐,4,lrts
LR_TOPIC_000020,4978,book,51104879,万水千山走遍|三毛的疗愈自我之旅|雪坤演播,5,lrts
LR_TOPIC_000021,5018,book,34660,大约是爱,1,lrts
LR_TOPIC_000021,5018,book,34745,淑女飘飘拳|毕雯珺、孙千主演同名古风青春偶像剧原著,2,lrts
LR_TOPIC_000021,5018,book,35631,国民老公带回家|同名动漫原著,3,lrts
LR_TOPIC_000021,5018,book,39725,我家徒弟又挂了,4,lrts
LR_TOPIC_000021,5018,book,40294,盛夏晚晴天,5,lrts
LR_TOPIC_000021,5018,book,42941,校花的贴身高手|精品双播,6,lrts
LR_TOPIC_000021,5018,book,44177,迷狐之夏：妖精赖上我|哥哥是只狐狸精,7,lrts
LR_TOPIC_000021,5018,book,33955788,终于轮到我恋爱了|总裁误宠替身甜妻|罗正领衔主演,8,lrts
LR_TOPIC_000021,5018,book,47379839,闪婚总裁契约妻|豪门总裁|爆款影视原著,9,lrts
LR_TOPIC_000021,5018,book,49439246,总裁的替身前妻|经典都市言情,10,lrts
LR_TOPIC_000021,5018,book,97657602,彗星II：蓝洞之恋,11,lrts
LR_TOPIC_000021,5018,book,97677384,我家校草又冷又撩|《甜了青梅配竹马》影视原著|青春|校园甜宠多人有声剧,12,lrts
LR_TOPIC_000022,4767,book,34335,血梅花,1,lrts
LR_TOPIC_000022,4767,book,34487967,血证,2,lrts
LR_TOPIC_000022,4767,book,61637384,走向胜利,3,lrts
LR_TOPIC_000022,4767,book,72423744,解放南京|档案真实绝密|战争实录|大决战|三大战役|南京照相馆,4,lrts
LR_TOPIC_000023,5017,book,29021,将夜|同名热播网剧原著|玄幻+作品,1,lrts
LR_TOPIC_000023,5017,book,30272,炮灰攻略|重生成炮灰女配,2,lrts
LR_TOPIC_000023,5017,book,30310,金玉满唐|大唐女法医原著|女法医，验尸谈情两不误,3,lrts
LR_TOPIC_000023,5017,book,31803,凰权（天盛长歌）,4,lrts
LR_TOPIC_000023,5017,book,32047,夜天子|网剧原著|玄幻+,5,lrts
LR_TOPIC_000023,5017,book,33437,赘婿,6,lrts
LR_TOPIC_000023,5017,book,33857,从前有座灵剑山|同名影视原著|玄幻+,7,lrts
LR_TOPIC_000023,5017,book,34503,君九龄|彭小苒、金瀚主演影视原著,8,lrts
LR_TOPIC_000023,5017,book,34895,庶女攻略|锦心似玉》原著,9,lrts
LR_TOPIC_000023,5017,book,36003,慕南枝|《嘉南传》影视原著,10,lrts
LR_TOPIC_000023,5017,book,36229,凤囚凰,11,lrts
LR_TOPIC_000023,5017,book,38012,庆余年|第三季527集开始|剧情抢先听|张若昀主演影视原著,12,lrts
LR_TOPIC_000023,5017,book,38872,报告王爷，王妃是只猫,13,lrts
LR_TOPIC_000023,5017,book,38941,萌妻食神,14,lrts
LR_TOPIC_000023,5017,book,40161,金牌女仵作,15,lrts
LR_TOPIC_000023,5017,book,43420,诛仙|动漫热播|北冥有声多人有声剧,16,lrts
LR_TOPIC_000023,5017,book,44176,等到烟暖雨收|热映网剧原著,17,lrts
LR_TOPIC_000023,5017,book,44629,唐砖|男女双播精品,18,lrts
LR_TOPIC_000023,5017,book,44787,白发皇妃|热播电视剧《白发》原著,19,lrts
LR_TOPIC_000023,5017,book,44894,爷我等你休妻（上）：前生|双世宠妃原著,20,lrts
LR_TOPIC_000023,5017,book,46581,凤弈|同名影视有声剧,21,lrts
LR_TOPIC_000023,5017,book,46634,医妃难囚|同名热播网剧原著,22,lrts
LR_TOPIC_000023,5017,book,46635,替嫁公主|网剧《替嫁医女》原著,23,lrts
LR_TOPIC_000023,5017,book,41843521,爷我等你休妻（下）：今世|双世宠妃原著,24,lrts
LR_TOPIC_000023,5017,book,42746221,凤凰归来，四时轮回皆在我掌,25,lrts
LR_TOPIC_000023,5017,book,46525313,琉璃美人煞|袁冰妍、成毅主演仙侠绝恋,26,lrts
LR_TOPIC_000023,5017,book,50677312,两世欢|于朦胧、陈钰琪主演热播剧原著,27,lrts
LR_TOPIC_000023,5017,book,52117295,新婚夜，废柴王妃把王府炸翻了|天才小毒妃|重生虐渣,28,lrts
LR_TOPIC_000023,5017,book,62098088,后宫·甄嬛传|全集,29,lrts
LR_TOPIC_000023,5017,book,84785395,天舞纪|许凯、吴佳怡主演网剧原著,30,lrts
LR_TOPIC_000024,4747,book,13356234,心：稻盛和夫的一生嘱托|稻盛哲学集大成之作,1,lrts
LR_TOPIC_000024,4747,book,88047451,稻盛和夫|思维方式,2,lrts
LR_TOPIC_000025,4829,book,14559286,剑骨|武侠热血|同名动画已上线,1,lrts
LR_TOPIC_000025,4829,book,19331670,他掌心的小可爱,2,lrts
LR_TOPIC_000025,4829,book,27572126,消失三年，校花女友到处说我死了|一世兵王|热血爽文,3,lrts
LR_TOPIC_000025,4829,book,36197427,我的治愈系游戏|悬疑灵异|大神作品|玄幻+,4,lrts
LR_TOPIC_000025,4829,book,38794177,黑莲花女配重生了|多人精播小说剧,5,lrts
LR_TOPIC_000025,4829,book,99958155,重生七零：长姐为大|精品多人剧,6,lrts
LR_TOPIC_000026,5350,book,28227546,错嫁农舍？逆命王妃宠翻天,1,lrts
LR_TOPIC_000026,5350,book,28593225,重生后夫人她成了全球首富,2,lrts
LR_TOPIC_000026,5350,book,38277061,重生七零麻辣女教师|穿越重生|现言甜宠|女强爽文|年代文双播,3,lrts
LR_TOPIC_000026,5350,book,44447901,豪门夜宠：萌妻超大牌,4,lrts
LR_TOPIC_000026,5350,book,79264613,总裁有令，独宠二婚少奶奶,5,lrts
LR_TOPIC_000026,5350,book,79278013,倾世妖妃,6,lrts
LR_TOPIC_000026,5350,book,92458717,天才嫡女，废材四小姐（多播版）,7,lrts
LR_TOPIC_000027,4703,book,43124394,先秦诸子,1,lrts
LR_TOPIC_000028,955,book,13760310,神秘岛(下),1,lrts
LR_TOPIC_000028,955,book,19452379,神秘岛(中),2,lrts
LR_TOPIC_000028,955,book,29128496,海底两万里|儒勒·凡尔纳作品,3,lrts
LR_TOPIC_000028,955,book,39546039,地心游记,4,lrts
LR_TOPIC_000028,955,book,68403891,神秘岛(上),5,lrts
LR_TOPIC_000029,9063,book,17826853,人人都懂区块链，36堂未来财富趋势课,1,lrts
LR_TOPIC_000029,9063,book,25066801,跟我这样做时间管理，|你就是下一个百万富翁】 时间管理大师陈怡彣老师,2,lrts
LR_TOPIC_000029,9063,book,27863714,刘薇的英语全能口语课,3,lrts
LR_TOPIC_000029,9063,book,32388623,30天学会短文案变现：轻松打个100字，每月多赚2w,4,lrts
LR_TOPIC_000029,9063,book,41412946,10堂课帮你找回自我,5,lrts
LR_TOPIC_000029,9063,book,56968182,阿里组织能力实战21课,6,lrts
LR_TOPIC_000029,9063,book,70130220,18本书帮你学会精力管理，有效提升学习力,7,lrts
LR_TOPIC_000029,9063,book,81382728,12节黄金心理沟通课,8,lrts
LR_TOPIC_000029,9063,book,81658645,爆款购房讲师12节课教你买高性价好房,9,lrts
LR_TOPIC_000029,9063,book,83084951,零基础读书变现课,10,lrts
LR_TOPIC_000029,9063,book,88719621,世界记忆大师的速效记忆法，让孩子快速记忆、自主学习、高效提分,11,lrts
LR_TOPIC_000030,9064,book,26939,天下|醉枕江山，傲视大唐,1,lrts
LR_TOPIC_000030,9064,book,28636,父与子全集|双语免费听,2,lrts
LR_TOPIC_000030,9064,book,29114,盒子历险记1：白毛雪人的烦恼,3,lrts
LR_TOPIC_000030,9064,book,30149,静水莲心,4,lrts
LR_TOPIC_000030,9064,book,30443,没有预约的旅程,5,lrts
LR_TOPIC_000030,9064,book,30779,不曾再见的旅行,6,lrts
LR_TOPIC_000030,9064,book,31030,柳林风声|免费版,7,lrts
LR_TOPIC_000030,9064,book,31907,心灵驿站,8,lrts
LR_TOPIC_000030,9064,book,32220,原创现代诗文精选,9,lrts
LR_TOPIC_000030,9064,book,32819,人生长恨水长东,10,lrts
LR_TOPIC_000030,9064,book,32824,长恨此身非我有,11,lrts
LR_TOPIC_000030,9064,book,32880,去过自己想要的生活,12,lrts
LR_TOPIC_000030,9064,book,33212,米小圈上学记1：我是小学生|闹闹别闹同款,13,lrts
LR_TOPIC_000030,9064,book,33213,米小圈上学记2：好朋友铁头,14,lrts
LR_TOPIC_000030,9064,book,33214,米小圈上学记3：耗子是条狗,15,lrts
LR_TOPIC_000030,9064,book,33215,米小圈上学记4：瞧这一家人,16,lrts
LR_TOPIC_000030,9064,book,33216,米小圈上学记5：新同桌的烦恼,17,lrts
LR_TOPIC_000030,9064,book,33217,米小圈上学记6：大自然小秘密,18,lrts
LR_TOPIC_000030,9064,book,33218,米小圈上学记7：如果我有时光机,19,lrts
LR_TOPIC_000030,9064,book,33219,米小圈上学记8：一箩筐的快乐,20,lrts
LR_TOPIC_000030,9064,book,33220,米小圈上学记9：我有一个跟屁虫,21,lrts
LR_TOPIC_000030,9064,book,33221,米小圈上学记10：小顽皮和老顽童,22,lrts
LR_TOPIC_000030,9064,book,33222,米小圈上学记11：搞笑大王来啦,23,lrts
LR_TOPIC_000030,9064,book,33223,米小圈上学记12：加油！足球小将,24,lrts
LR_TOPIC_000030,9064,book,33224,米小圈上学记（一二三年级）|闹闹别闹同款|儿童畅销书,25,lrts
LR_TOPIC_000030,9064,book,33432,幼学四书：国学启蒙经典,26,lrts
LR_TOPIC_000030,9064,book,34092,沉心十年：让未来的你感谢现在的自己,27,lrts
LR_TOPIC_000030,9064,book,34236,这世上没有毫无道理的横空出世,28,lrts
LR_TOPIC_000030,9064,book,37998,千奇百怪小百科，植物卷,29,lrts
LR_TOPIC_000030,9064,book,37999,千奇百怪小百科，动物卷,30,lrts
LR_TOPIC_000030,9064,book,38000,千奇百怪小百科，自然卷,31,lrts
LR_TOPIC_000030,9064,book,38002,千奇百怪小百科，人体卷,32,lrts
LR_TOPIC_000030,9064,book,38967,李叔同散文精品,33,lrts
LR_TOPIC_000030,9064,book,39087,林徽因诗歌精品,34,lrts
LR_TOPIC_000030,9064,book,39796,春底林野,35,lrts
LR_TOPIC_000030,9064,book,39803,饿乡纪程,36,lrts
LR_TOPIC_000030,9064,book,39806,家族以外的人,37,lrts
LR_TOPIC_000030,9064,book,39811,邹韬奋散文精品,38,lrts
LR_TOPIC_000031,5392,book,41247,妖龙古帝|2亿人气巨作,1,lrts
LR_TOPIC_000031,5392,book,27473813,我真没想重生啊|重生逆袭|青春抉择|情感纠葛|甜蜜邂逅|心动抉择,2,lrts
LR_TOPIC_000031,5392,book,68905314,农家丑妻|爽文|逆袭,3,lrts
LR_TOPIC_000031,5392,book,87933246,星门|老鹰吃小鸡重磅新书|畅销榜作品|完结畅听,4,lrts
LR_TOPIC_000033,4905,book,30301,离婚遇到爱,1,lrts
LR_TOPIC_000033,4905,book,30318,帝霸|大神作品,2,lrts
LR_TOPIC_000033,4905,book,32749,南有乔木,3,lrts
LR_TOPIC_000033,4905,book,33228,发个红包去天庭|多人小说剧,4,lrts
LR_TOPIC_000033,4905,book,33489,先婚后宠：总裁大人小娇妻,5,lrts
LR_TOPIC_000033,4905,book,34572,天醒之路|陈飞宇、熊梓淇主演影视原著,6,lrts
LR_TOPIC_000033,4905,book,34877,一指成仙|不寻常修仙路,7,lrts
LR_TOPIC_000033,4905,book,36003,慕南枝|《嘉南传》影视原著,8,lrts
LR_TOPIC_000033,4905,book,37349,婚婚欲睡：顾少，轻一点,9,lrts
LR_TOPIC_000033,4905,book,37430,嗜血医妃：邪王盛宠小野妃|多人精品剧,10,lrts
LR_TOPIC_000033,4905,book,39186,大婚晚辰，天价小妻子|多人精品剧,11,lrts
LR_TOPIC_000033,4905,book,41118,宠妻入骨：星辰深处爱上你,12,lrts
LR_TOPIC_000033,4905,book,41906,生死突击,13,lrts
LR_TOPIC_000033,4905,book,41907,奇门相师,14,lrts
LR_TOPIC_000033,4905,book,41909,终极全才,15,lrts
LR_TOPIC_000033,4905,book,42103,捡个校花做老婆,16,lrts
LR_TOPIC_000033,4905,book,42109,九州傲世谱|玄幻+作品,17,lrts
LR_TOPIC_000033,4905,book,42750,特工医妃|多人精品剧,18,lrts
LR_TOPIC_000033,4905,book,42751,离婚无效|多人演播,19,lrts
LR_TOPIC_000033,4905,book,43927,千金重生：心机总裁套路深|前世有眼无珠今世哄你如初,20,lrts
LR_TOPIC_000033,4905,book,44124,盛世狂妃：傻女惊华|腹黑王爷,21,lrts
LR_TOPIC_000033,4905,book,44132,超级寻宝仪,22,lrts
LR_TOPIC_000033,4905,book,44662,洪荒之红云大道|洪荒逆袭|腹黑崛起|吞噬成道,23,lrts
LR_TOPIC_000033,4905,book,44686,网游之全球在线|建设领地|招募名将|争霸天下|权谋争锋|热血逆袭,24,lrts
LR_TOPIC_000033,4905,book,44746,花颜策,25,lrts
LR_TOPIC_000033,4905,book,45292,都市超级雇佣兵王|爆火,26,lrts
LR_TOPIC_000033,4905,book,45434,我在末世求生记|男女双播,27,lrts
LR_TOPIC_000033,4905,book,46997,文明之万界领主|上部完结,28,lrts
LR_TOPIC_000033,4905,book,47093,阴商|诡故事,29,lrts
LR_TOPIC_000033,4905,book,47584,九婴邪仙|敢问苍天|天材地宝|取之不尽|用之不竭,30,lrts
LR_TOPIC_000033,4905,book,47609,召唤梦魇,31,lrts
LR_TOPIC_000033,4905,book,10286703,重生之全球首富|穿越重生赚钱扛把子,32,lrts
LR_TOPIC_000033,4905,book,12224518,冷宫公主种田记,33,lrts
LR_TOPIC_000033,4905,book,12393189,我的老婆是仙子,34,lrts
LR_TOPIC_000033,4905,book,15471456,都市修仙狂少,35,lrts
LR_TOPIC_000033,4905,book,17217831,斗罗大陆|唐家三少|终极斗罗|多人小说剧,36,lrts
LR_TOPIC_000033,4905,book,17983172,闪婚急诊，唐医生！,37,lrts
LR_TOPIC_000033,4905,book,18635065,废柴嫡女要翻天,38,lrts
LR_TOPIC_000033,4905,book,21092285,穿越种田之旺家小农女,39,lrts
LR_TOPIC_000033,4905,book,22447232,重生庶女毒后,40,lrts
LR_TOPIC_000033,4905,book,22545857,仙帝归来,41,lrts
LR_TOPIC_000033,4905,book,23193368,重生之特工嫡女,42,lrts
LR_TOPIC_000033,4905,book,24672964,重生之异能狂妻,43,lrts
LR_TOPIC_000033,4905,book,24882329,全能神医|,44,lrts
LR_TOPIC_000033,4905,book,33395880,重生之天帝归来,45,lrts
LR_TOPIC_000033,4905,book,33579646,穿越之毒妃嫁到,46,lrts
LR_TOPIC_000033,4905,book,33602873,农家一品食神妻,47,lrts
LR_TOPIC_000033,4905,book,35443735,替嫁谋爱：医妻要离婚,48,lrts
LR_TOPIC_000033,4905,book,36812595,中华龙婿,49,lrts
LR_TOPIC_000033,4905,book,36928953,重生第一宠：大佬甜妻宠上天,50,lrts
LR_TOPIC_000033,4905,book,38983970,农门秀色之医女当家,51,lrts
LR_TOPIC_000033,4905,book,39245056,亿宠成婚，总裁圈住爱,52,lrts
LR_TOPIC_000033,4905,book,40054726,都市仙王|重生修仙|强者回归,53,lrts
LR_TOPIC_000033,4905,book,41778796,天降系统：农门小富婆,54,lrts
LR_TOPIC_000033,4905,book,42746221,凤凰归来，四时轮回皆在我掌,55,lrts
LR_TOPIC_000033,4905,book,43022035,体修之祖|上部完结,56,lrts
LR_TOPIC_000033,4905,book,43504926,网游之神级炼妖师,57,lrts
LR_TOPIC_000033,4905,book,48325906,无敌重生：开局成为修仙小乞丐|脚踩高富帅|拳打大师|修真秘术|睥睨天下,58,lrts
LR_TOPIC_000033,4905,book,50124347,重生之逆天狂少,59,lrts
LR_TOPIC_000033,4905,book,57540059,将军，夫人又跑了|古风甜宠|爆笑,60,lrts
LR_TOPIC_000033,4905,book,60168886,医妃拽上天：邪王是妻奴！,61,lrts
LR_TOPIC_000033,4905,book,61709599,废婿逆袭，开局手握万亿资金|杨潇唐沐雪,62,lrts
LR_TOPIC_000033,4905,book,69297451,帝后世无双|爆笑女强多人剧,63,lrts
LR_TOPIC_000033,4905,book,70791101,盗天墓之昆仑秘境,64,lrts
LR_TOPIC_000033,4905,book,71246292,极品医仙,65,lrts
LR_TOPIC_000033,4905,book,71931128,上门龙婿|影视剧《进击的叶辰》影视原著|至尊龙婿叶辰,66,lrts
LR_TOPIC_000033,4905,book,73340565,极品医圣,67,lrts
LR_TOPIC_000033,4905,book,73613018,帝火丹王|一世绝仙|宋立,68,lrts
LR_TOPIC_000033,4905,book,74960041,从野怪开始进化升级|双播,69,lrts
LR_TOPIC_000033,4905,book,75767574,皇家小药娘,70,lrts
LR_TOPIC_000033,4905,book,77777792,农家童养媳：腹黑丞相太能撩,71,lrts
LR_TOPIC_000033,4905,book,80317107,一胎俩宝，老婆大人别想逃,72,lrts
LR_TOPIC_000033,4905,book,82664963,至尊狼少,73,lrts
LR_TOPIC_000033,4905,book,83969506,重生西游之万界妖尊,74,lrts
LR_TOPIC_000033,4905,book,85588958,名门春事|重生宅斗|青梅竹马,75,lrts
LR_TOPIC_000033,4905,book,86311147,毒宠佣兵王妃,76,lrts
LR_TOPIC_000033,4905,book,87452842,绝品上门龙婿|玄幻+,77,lrts
LR_TOPIC_000033,4905,book,87897167,花都极品医圣,78,lrts
LR_TOPIC_000033,4905,book,88037226,鉴宝神瞳在都市,79,lrts
LR_TOPIC_000033,4905,book,89124863,退后让为师来|玄幻+作品,80,lrts
LR_TOPIC_000033,4905,book,89172120,无敌从斗破开始,81,lrts
LR_TOPIC_000033,4905,book,90840478,农门小娇娘,82,lrts
LR_TOPIC_000033,4905,book,91571179,都市玄门医圣,83,lrts
LR_TOPIC_000033,4905,book,91732922,天才萌宝：田园俏王妃|捡来的男人竟然是娃的亲爹,84,lrts
LR_TOPIC_000033,4905,book,95740828,都市极品医神|强势归来|修为逆袭|苍穹争霸|复仇雪恨|巅峰对决,85,lrts
LR_TOPIC_000033,4905,book,99066347,我是大文豪,86,lrts
LR_TOPIC_000034,5129,book,40821,守夜者2：黑暗潜能|法医秦明作品,1,lrts
LR_TOPIC_000034,5129,book,40822,法医秦明：尸语者|法医秦明之读心者原著小说,2,lrts
LR_TOPIC_000034,5129,book,40823,法医秦明：无声的证词|张雨剑、周雨彤主演网剧原著,3,lrts
LR_TOPIC_000034,5129,book,40824,法医秦明：天谴者|秦明系列第7部,4,lrts
LR_TOPIC_000034,5129,book,13424422,法医秦明：幸存者,5,lrts
LR_TOPIC_000034,5129,book,29655654,守夜者：罪案终结者的觉醒,6,lrts
LR_TOPIC_000034,5129,book,38319538,法医秦明|清道夫,7,lrts
LR_TOPIC_000034,5129,book,55687272,法医秦明|遗忘者,8,lrts
LR_TOPIC_000034,5129,book,76162955,守夜者3,9,lrts
LR_TOPIC_000034,5129,book,80691800,第十一根手指,10,lrts
LR_TOPIC_000034,5129,book,82853404,守夜者|天演|4,11,lrts
LR_TOPIC_000034,5129,book,86754219,法医秦明|玩偶,12,lrts
LR_TOPIC_000035,9061,book,5622,斗破苍穹|《缘起》篇动漫热播|大灰狼演播,1,lrts
LR_TOPIC_000035,9061,book,21145704,大主宰,2,lrts
LR_TOPIC_000035,9061,book,89063451,苍穹榜之圣灵纪|斗破苍穹后传|天蚕土豆经典,3,lrts
LR_TOPIC_000036,5414,book,10085209,美国陷阱,1,lrts
LR_TOPIC_000036,5414,book,10884748,重新定义管理,2,lrts
LR_TOPIC_000036,5414,book,11550681,罪与美,3,lrts
LR_TOPIC_000036,5414,book,12763897,麦当劳之父的创业冒险,4,lrts
LR_TOPIC_000036,5414,book,12770011,沈从文的后半生,5,lrts
LR_TOPIC_000036,5414,book,12830985,伟大的博弈,6,lrts
LR_TOPIC_000036,5414,book,13086302,破碎的美国|特朗普竞选美国总统演讲稿,7,lrts
LR_TOPIC_000036,5414,book,13104090,魔鬼经济学,8,lrts
LR_TOPIC_000036,5414,book,13331976,灰犀牛,9,lrts
LR_TOPIC_000036,5414,book,13918523,漫漫自由路：曼德拉自传,10,lrts
LR_TOPIC_000036,5414,book,14129515,门口的野蛮人,11,lrts
LR_TOPIC_000036,5414,book,15736836,华特|迪士尼传,12,lrts
LR_TOPIC_000036,5414,book,16296395,奖赏,13,lrts
LR_TOPIC_000036,5414,book,19449802,大宋真天子,14,lrts
LR_TOPIC_000036,5414,book,20295430,牛顿传,15,lrts
LR_TOPIC_000036,5414,book,20397781,明代文人的命运,16,lrts
LR_TOPIC_000036,5414,book,20815387,格兰特,17,lrts
LR_TOPIC_000036,5414,book,22076742,谁动了我的奶酪,18,lrts
LR_TOPIC_000036,5414,book,23218431,李鸿章传,19,lrts
LR_TOPIC_000036,5414,book,23225826,1944：松山战役笔记,20,lrts
LR_TOPIC_000036,5414,book,23563038,黑天鹅,21,lrts
LR_TOPIC_000036,5414,book,24021090,搞定,22,lrts
LR_TOPIC_000036,5414,book,26907291,敦刻尔克,23,lrts
LR_TOPIC_000036,5414,book,29379905,霍华德|休斯传,24,lrts
LR_TOPIC_000036,5414,book,30481724,乌合之众,25,lrts
LR_TOPIC_000036,5414,book,30577597,中国国民性演变历程,26,lrts
LR_TOPIC_000036,5414,book,30824622,穷爸爸富爸爸,27,lrts
LR_TOPIC_000036,5414,book,32412432,从农场到白宫：卡特自传,28,lrts
LR_TOPIC_000036,5414,book,32843968,老人与海,29,lrts
LR_TOPIC_000036,5414,book,33308018,被低估的圣王：杨坚大传,30,lrts
LR_TOPIC_000036,5414,book,33464109,孔子传,31,lrts
LR_TOPIC_000036,5414,book,33937450,维特根斯坦传,32,lrts
LR_TOPIC_000036,5414,book,33969115,爱因斯坦传,33,lrts
LR_TOPIC_000036,5414,book,35762708,基业长青,34,lrts
LR_TOPIC_000036,5414,book,35944029,解码生命,35,lrts
LR_TOPIC_000036,5414,book,37297867,加缪传,36,lrts
LR_TOPIC_000036,5414,book,37364522,叶嘉莹说汉魏六朝诗,37,lrts
LR_TOPIC_000036,5414,book,37756063,弗雷德里克|道格拉斯,38,lrts
LR_TOPIC_000036,5414,book,37947458,我的职业是小说家,39,lrts
LR_TOPIC_000036,5414,book,38053021,美丽心灵：纳什传,40,lrts
LR_TOPIC_000036,5414,book,42140537,原则,41,lrts
LR_TOPIC_000036,5414,book,42286759,鞋狗,42,lrts
LR_TOPIC_000036,5414,book,46296012,小人物：我与父亲乔布斯,43,lrts
LR_TOPIC_000036,5414,book,47224313,悉达多,44,lrts
LR_TOPIC_000036,5414,book,47274091,致所有疯狂的家伙,45,lrts
LR_TOPIC_000036,5414,book,49274617,忏悔录,46,lrts
LR_TOPIC_000036,5414,book,49610722,特斯拉,47,lrts
LR_TOPIC_000036,5414,book,50153200,刺杀里根,48,lrts
LR_TOPIC_000036,5414,book,53475706,金钱暗流,49,lrts
LR_TOPIC_000036,5414,book,54064427,说中国,50,lrts
LR_TOPIC_000036,5414,book,55390634,轰炸东京,51,lrts
LR_TOPIC_000036,5414,book,57115175,人性的弱点,52,lrts
LR_TOPIC_000036,5414,book,59674605,居里夫人传,53,lrts
LR_TOPIC_000036,5414,book,59996536,楚亡：从项羽到韩信,54,lrts
LR_TOPIC_000036,5414,book,60475202,印第安纳波利斯号,55,lrts
LR_TOPIC_000036,5414,book,60527058,摩尔神话,56,lrts
LR_TOPIC_000036,5414,book,61088910,重新定义团队,57,lrts
LR_TOPIC_000036,5414,book,61297593,沈从文的前半生,58,lrts
LR_TOPIC_000036,5414,book,61751935,痛苦与狂喜：米开朗琪罗传,59,lrts
LR_TOPIC_000036,5414,book,61775463,成为,60,lrts
LR_TOPIC_000036,5414,book,61996242,乾隆帝,61,lrts
LR_TOPIC_000036,5414,book,62143745,反脆弱,62,lrts
LR_TOPIC_000036,5414,book,63948110,被埋没的天才,63,lrts
LR_TOPIC_000036,5414,book,64178041,品牌思维,64,lrts
LR_TOPIC_000036,5414,book,64580832,浪潮之巅,65,lrts
LR_TOPIC_000036,5414,book,65016510,亚历山大大帝,66,lrts
LR_TOPIC_000036,5414,book,65378958,神探狄仁杰之黄金案,67,lrts
LR_TOPIC_000036,5414,book,67522377,叔本华传,68,lrts
LR_TOPIC_000036,5414,book,67757845,上瘾,69,lrts
LR_TOPIC_000036,5414,book,67955458,滚雪球：巴菲特传,70,lrts
LR_TOPIC_000036,5414,book,68114252,鲍勃|迪伦编年史,71,lrts
LR_TOPIC_000036,5414,book,68877293,像间谍一样观察,72,lrts
LR_TOPIC_000036,5414,book,70174072,苏东坡传,73,lrts
LR_TOPIC_000036,5414,book,70658313,褚时健传,74,lrts
LR_TOPIC_000036,5414,book,72165977,我的简史,75,lrts
LR_TOPIC_000036,5414,book,72934165,黄慕兰自传,76,lrts
LR_TOPIC_000036,5414,book,73088250,竞争战略,77,lrts
LR_TOPIC_000036,5414,book,75362877,故事思维,78,lrts
LR_TOPIC_000036,5414,book,75837447,影响力,79,lrts
LR_TOPIC_000036,5414,book,76261355,第三种黑猩猩,80,lrts
LR_TOPIC_000036,5414,book,76274356,断舍离,81,lrts
LR_TOPIC_000036,5414,book,78488979,非对称风险,82,lrts
LR_TOPIC_000036,5414,book,80213868,杜甫,83,lrts
LR_TOPIC_000036,5414,book,81215666,细节,84,lrts
LR_TOPIC_000036,5414,book,82520332,自来水哲学,85,lrts
LR_TOPIC_000036,5414,book,82790602,卓有成效的管理者,86,lrts
LR_TOPIC_000036,5414,book,83136738,未来简史,87,lrts
LR_TOPIC_000036,5414,book,83517025,别逗了，费曼先生,88,lrts
LR_TOPIC_000036,5414,book,85923094,引爆点,89,lrts
LR_TOPIC_000036,5414,book,86693003,马丁|路德·金自传,90,lrts
LR_TOPIC_000036,5414,book,87137458,平家物语,91,lrts
LR_TOPIC_000036,5414,book,87528458,宜家故事,92,lrts
LR_TOPIC_000036,5414,book,87545483,林肯传,93,lrts
LR_TOPIC_000036,5414,book,87761634,战胜一切市场的人,94,lrts
LR_TOPIC_000036,5414,book,87966074,读心神探：FBI心理测写术,95,lrts
LR_TOPIC_000036,5414,book,89180214,定位,96,lrts
LR_TOPIC_000036,5414,book,89533534,聪明人的心理学,97,lrts
LR_TOPIC_000036,5414,book,89977607,决断力,98,lrts
LR_TOPIC_000036,5414,book,90120409,事实,99,lrts
LR_TOPIC_000036,5414,book,90599503,富甲美国：沃尔顿自传,100,lrts
LR_TOPIC_000036,5414,book,91744302,异类,101,lrts
LR_TOPIC_000036,5414,book,93951324,人类简史,102,lrts
LR_TOPIC_000036,5414,book,93973446,活着是为了讲述,103,lrts
LR_TOPIC_000036,5414,book,94135661,说故事的人,104,lrts
LR_TOPIC_000036,5414,book,94920254,今日简史,105,lrts
LR_TOPIC_000036,5414,book,95155589,塑造世界经济的50项伟大发明,106,lrts
LR_TOPIC_000036,5414,book,95181337,沈从文传,107,lrts
LR_TOPIC_000036,5414,book,95496561,创造自然,108,lrts
LR_TOPIC_000036,5414,book,96069339,乔布斯传,109,lrts
LR_TOPIC_000036,5414,book,96767378,纳尔逊|洛克菲勒传,110,lrts
LR_TOPIC_000036,5414,book,97005196,瞬变,111,lrts
LR_TOPIC_000036,5414,book,97767235,我的生活与工作,112,lrts
LR_TOPIC_000036,5414,book,98511502,间谍王：戴笠与中国特工,113,lrts
LR_TOPIC_000036,5414,book,98513263,我是马拉拉,114,lrts
LR_TOPIC_000036,5414,book,98838620,渴望生活：梵高传,115,lrts
LR_TOPIC_000036,5414,book,99658313,艾伦|图灵传,116,lrts
LR_TOPIC_000036,5414,book,99789050,将心注入,117,lrts
LR_TOPIC_000037,5189,book,51045913,科学与忠诚：钱学森的人生答卷,1,lrts
LR_TOPIC_000037,5189,book,76830671,功勋：共和国脊梁原型背后的真实故事,2,lrts
LR_TOPIC_000037,5189,book,85850995,袁隆平的故事,3,lrts
LR_TOPIC_000038,5187,book,55712697,未来学徒：读懂人工智能飞驰时代,1,lrts
LR_TOPIC_000039,4690,book,37328,激荡十年：水大鱼大,1,lrts
LR_TOPIC_000039,4690,book,39066,一路走过：改革开放40年,2,lrts
LR_TOPIC_000039,4690,book,39656,春天的故事,3,lrts
LR_TOPIC_000039,4690,book,39664,大开放40年40人,4,lrts
LR_TOPIC_000040,5188,book,65841561,毛泽东眼中的历史人物,1,lrts
LR_TOPIC_000040,5188,book,88569460,本色朱德,2,lrts
LR_TOPIC_000041,5410,book,24611521,葵花向太阳,1,lrts
LR_TOPIC_000041,5410,book,34004777,两棵苦楝树,2,lrts
LR_TOPIC_000041,5410,book,39492546,战天斗地的英雄故事：铁肩,3,lrts
LR_TOPIC_000041,5410,book,42324325,老牛家逸事,4,lrts
LR_TOPIC_000041,5410,book,46793498,柳条湖烽火,5,lrts
LR_TOPIC_000041,5410,book,60055443,希望在人间,6,lrts
LR_TOPIC_000041,5410,book,61106211,清泉天上来,7,lrts
LR_TOPIC_000041,5410,book,75733311,流金黑土地,8,lrts
LR_TOPIC_000041,5410,book,76830671,功勋：共和国脊梁原型背后的真实故事,9,lrts
LR_TOPIC_000041,5410,book,89613549,好雨知时节,10,lrts
LR_TOPIC_000041,5410,book,90918409,热血红飘带,11,lrts
LR_TOPIC_000042,5407,book,35886,神医嫡女|穿越|甜宠,1,lrts
LR_TOPIC_000042,5407,book,41156223,神医魔后|神医嫡女第三部|杨十六著,2,lrts
LR_TOPIC_000043,5409,book,45563076,武神主宰|同名影视原著|玄幻+作品,1,lrts
LR_TOPIC_000043,5409,book,50299753,嫡长女她又美又飒|双播|完结抢先版,2,lrts
LR_TOPIC_000043,5409,book,69867065,一号狂枭,3,lrts
LR_TOPIC_000043,5409,book,78664737,茅山天师搜妖记|悬疑灵异|多人精播小说玄幻+,4,lrts
LR_TOPIC_000044,5408,book,35746,完美世界|动漫热播,1,lrts
LR_TOPIC_000044,5408,book,69184442,圣墟|崛起复苏|幽雾临世|枷锁打开|全新世界,2,lrts
LR_TOPIC_000046,5268,book,37212444,白鹿原,1,lrts
LR_TOPIC_000046,5268,book,82087903,白鹿原|桑梓演播&茅盾文学作品,2,lrts
LR_TOPIC_000048,4775,book,37947458,我的职业是小说家,1,lrts
LR_TOPIC_000049,5406,book,30713,俗人回档,1,lrts
LR_TOPIC_000049,5406,book,35310,三界红包群|玄幻+作品,2,lrts
LR_TOPIC_000049,5406,book,36934,都市无上仙医,3,lrts
LR_TOPIC_000049,5406,book,36992,仙帝重生混都市,4,lrts
LR_TOPIC_000049,5406,book,37032,地府交流群|玄幻+作品,5,lrts
LR_TOPIC_000049,5406,book,38767,抓鬼小农民,6,lrts
LR_TOPIC_000049,5406,book,54814690,都市仙尊|玄幻+作品,7,lrts
LR_TOPIC_000049,5406,book,94036601,最强上门女婿,8,lrts
LR_TOPIC_000051,5395,book,34907,绝世神医：腹黑大小姐|自制精品,1,lrts
LR_TOPIC_000051,5395,book,37366,斗罗大陆3：龙王传说|斗罗续篇|龙王踪迹|传奇再铸|热血冒险|伙伴羁绊,2,lrts
LR_TOPIC_000051,5395,book,40254,绝世神医,3,lrts
LR_TOPIC_000051,5395,book,40754,大江大河|淬火年代电视剧原著小说|宋祖儿、张新成主演,4,lrts
LR_TOPIC_000051,5395,book,40822,法医秦明：尸语者|法医秦明之读心者原著小说,5,lrts
LR_TOPIC_000051,5395,book,40823,法医秦明：无声的证词|张雨剑、周雨彤主演网剧原著,6,lrts
LR_TOPIC_000051,5395,book,44775,绝世神医之逆天魔妃,7,lrts
LR_TOPIC_000051,5395,book,44972,太古至尊|懒人自制,8,lrts
LR_TOPIC_000051,5395,book,10298270,第一上门女婿,9,lrts
LR_TOPIC_000051,5395,book,10913843,极品上门女婿|秦浩,10,lrts
LR_TOPIC_000051,5395,book,24856135,不科学御兽|轻泉流响|完结畅听,11,lrts
LR_TOPIC_000051,5395,book,31486966,太古至尊,12,lrts
LR_TOPIC_000051,5395,book,42491203,龙图剑侠传|马长辉评书|新白眉大侠,13,lrts
LR_TOPIC_000051,5395,book,63831695,雪中悍刀行|《哪吒2》少年哪吒配音cv演播|多人广播剧|张若昀李庚希主演影视原著,14,lrts
LR_TOPIC_000051,5395,book,66172043,麻衣大相师,15,lrts
LR_TOPIC_000053,5401,book,31960,异常生物见闻录|玄幻+科幻无限流封神之作,1,lrts
LR_TOPIC_000053,5401,book,37634313,黎明之剑|多人小说剧|搞笑科幻种田,2,lrts
LR_TOPIC_000053,5401,book,75900330,希灵帝国|玄幻+,3,lrts
LR_TOPIC_000054,5399,book,5622,斗破苍穹|《缘起》篇动漫热播|大灰狼演播,1,lrts
LR_TOPIC_000054,5399,book,37318,万古天帝|重生复仇|破苍逆坤|凌天踏界,2,lrts
LR_TOPIC_000054,5399,book,38139,太古神王|盛一伦、王子文影视原著|玄幻+作品,3,lrts
LR_TOPIC_000054,5399,book,39470,七界武神|叶之凡经典玄幻|玄幻+作品,4,lrts
LR_TOPIC_000054,5399,book,41154,九个仙帝老婆，谁吃得消啊|多播精品|完结畅听,5,lrts
LR_TOPIC_000054,5399,book,41247,妖龙古帝|2亿人气巨作,6,lrts
LR_TOPIC_000054,5399,book,55626790,神魔天尊|丹羽道播讲|玄幻+作品,7,lrts
LR_TOPIC_000054,5399,book,85343766,万道龙皇|暴爽玄幻,8,lrts
LR_TOPIC_000055,5373,book,598,凡人修仙传|大灰狼演播|杨洋主演影视原著|大结局抢先听|忘语|仙侠修真|凡人流,1,lrts
LR_TOPIC_000055,5373,book,930,隋唐演义,2,lrts
LR_TOPIC_000055,5373,book,961,神墓|大灰狼演播|辰东成名作|动漫热播原著|完结,3,lrts
LR_TOPIC_000055,5373,book,1026,单田芳：大破冲霄楼（72回）,4,lrts
LR_TOPIC_000055,5373,book,1377,仙逆|朱宇演播|热播动漫原著|全网追听经典版本|全篇完结,5,lrts
LR_TOPIC_000055,5373,book,2880,绝世唐门（斗罗大陆第二部）|御剑听风|暮然FM|有声主播红樱桃,6,lrts
LR_TOPIC_000055,5373,book,3073,凡女仙葫|畅听经典,7,lrts
LR_TOPIC_000055,5373,book,3123,求魔|玄幻+|完本,8,lrts
LR_TOPIC_000055,5373,book,3173,天才相师（合集）|上下册合集,9,lrts
LR_TOPIC_000055,5373,book,3442,娥媚,10,lrts
LR_TOPIC_000055,5373,book,4692,我的贴身校花|精品双播|玄幻+作品,11,lrts
LR_TOPIC_000055,5373,book,4904,极品女仙|异世修仙流|玄幻+,12,lrts
LR_TOPIC_000055,5373,book,5480,致命总裁,13,lrts
LR_TOPIC_000055,5373,book,5514,史上第一混乱,14,lrts
LR_TOPIC_000055,5373,book,5545,不灭剑体,15,lrts
LR_TOPIC_000055,5373,book,5622,斗破苍穹|《缘起》篇动漫热播|大灰狼演播,16,lrts
LR_TOPIC_000055,5373,book,5848,单田芳：水浒全传|150回,17,lrts
LR_TOPIC_000055,5373,book,7496,冠盖满京华,18,lrts
LR_TOPIC_000055,5373,book,7585,越姬,19,lrts
LR_TOPIC_000055,5373,book,7892,你是我心上的刺青,20,lrts
LR_TOPIC_000055,5373,book,8770,乘龙|娥媚甜文力作,21,lrts
LR_TOPIC_000055,5373,book,20093,裁决|玄幻+|完本,22,lrts
LR_TOPIC_000055,5373,book,20406,医统江山,23,lrts
LR_TOPIC_000055,5373,book,22101,玄欲,24,lrts
LR_TOPIC_000055,5373,book,24386,我的老婆是女神,25,lrts
LR_TOPIC_000055,5373,book,24761,穿越时空之特种兵,26,lrts
LR_TOPIC_000055,5373,book,26168,穿成异世废物|整个武学界都在颤抖|穿越虐渣|强者回归逆天改命,27,lrts
LR_TOPIC_000055,5373,book,26939,天下|醉枕江山，傲视大唐,28,lrts
LR_TOPIC_000055,5373,book,27032,侦情档案|刑侦|完本畅听,29,lrts
LR_TOPIC_000055,5373,book,27240,绝顶唐门|副本激战|PK对决|擂台争霸|天梯冲榜|跨服酣战,30,lrts
LR_TOPIC_000055,5373,book,27246,包公奇案|清廉刚正|铁面无私|拯民水火|猛将辅业,31,lrts
LR_TOPIC_000055,5373,book,27249,话说中国|孙刚评书|中华上下五千年,32,lrts
LR_TOPIC_000055,5373,book,27779,总裁跑错房,33,lrts
LR_TOPIC_000055,5373,book,27831,欢喜如初,34,lrts
LR_TOPIC_000055,5373,book,27900,新说资治通鉴|孙刚评书,35,lrts
LR_TOPIC_000055,5373,book,28111,刘宝瑞单口相声,36,lrts
LR_TOPIC_000055,5373,book,28210,首席错爱,37,lrts
LR_TOPIC_000055,5373,book,28271,校花的贴身高手|御剑听风演播,38,lrts
LR_TOPIC_000055,5373,book,28278,八零后少林方丈|玄幻+系统流|完本,39,lrts
LR_TOPIC_000055,5373,book,28289,逃妃拽拽的,40,lrts
LR_TOPIC_000055,5373,book,28525,重生伪萝莉,41,lrts
LR_TOPIC_000055,5373,book,28572,妻居一品|我命由我不由天,42,lrts
LR_TOPIC_000055,5373,book,28636,父与子全集|双语免费听,43,lrts
LR_TOPIC_000055,5373,book,28651,剑道独尊|玄幻经典,44,lrts
LR_TOPIC_000055,5373,book,28821,现代修道生涯,45,lrts
LR_TOPIC_000055,5373,book,28844,名门深爱,46,lrts
LR_TOPIC_000055,5373,book,28862,特种军医在都市,47,lrts
LR_TOPIC_000055,5373,book,28869,有凤来仪,48,lrts
LR_TOPIC_000055,5373,book,28871,十剑啸九天,49,lrts
LR_TOPIC_000055,5373,book,28919,纸贵金迷,50,lrts
LR_TOPIC_000055,5373,book,28925,盛世暖婚,51,lrts
LR_TOPIC_000055,5373,book,28935,三途志|一个另类修仙故事,52,lrts
LR_TOPIC_000055,5373,book,28942,大圣传|玄幻+,53,lrts
LR_TOPIC_000055,5373,book,28944,媚公卿,54,lrts
LR_TOPIC_000055,5373,book,28958,与鬼厮混的日子,55,lrts
LR_TOPIC_000055,5373,book,28975,女人就要狠,56,lrts
LR_TOPIC_000055,5373,book,28982,异世医仙|异世医仙|转世异世|炼丹炼器|魔法请教|百炼成妖,57,lrts
LR_TOPIC_000055,5373,book,29000,发个微信去天庭（上部完结）,58,lrts
LR_TOPIC_000055,5373,book,29021,将夜|同名热播网剧原著|玄幻+作品,59,lrts
LR_TOPIC_000055,5373,book,29029,网游之战御天下|玄幻+丨破亿神作,60,lrts
LR_TOPIC_000055,5373,book,29054,龙图|悬疑推理|完本畅听,61,lrts
LR_TOPIC_000055,5373,book,29072,妖神|打不死小强|奇遇逆袭|异界崛起,62,lrts
LR_TOPIC_000055,5373,book,29104,娇娘医经|架空历史|畅销经典,63,lrts
LR_TOPIC_000055,5373,book,29114,盒子历险记1：白毛雪人的烦恼,64,lrts
LR_TOPIC_000055,5373,book,29143,午夜神秘人|悬疑推理|完本畅听,65,lrts
LR_TOPIC_000055,5373,book,29189,洪荒之玉鼎新传,66,lrts
LR_TOPIC_000055,5373,book,29190,仙诀,67,lrts
LR_TOPIC_000055,5373,book,29195,药窕淑女,68,lrts
LR_TOPIC_000055,5373,book,29199,名门医女|看女仁医救人的热血励志史,69,lrts
LR_TOPIC_000055,5373,book,29208,冰冷诡事|悬疑推理|完本畅听,70,lrts
LR_TOPIC_000055,5373,book,29222,神纹道|玄幻+|完本,71,lrts
LR_TOPIC_000055,5373,book,29229,老婆爱上我,72,lrts
LR_TOPIC_000055,5373,book,29241,无限恐怖|《无限世界》动漫原著,73,lrts
LR_TOPIC_000055,5373,book,29242,星期五有鬼|爆笑悬疑|多人播讲,74,lrts
LR_TOPIC_000055,5373,book,29253,重生左唯|玄幻+,75,lrts
LR_TOPIC_000055,5373,book,29280,千金归来,76,lrts
LR_TOPIC_000055,5373,book,29356,豪门继女的重生日子,77,lrts
LR_TOPIC_000055,5373,book,29397,锦衣夜行|新派历史武侠巅峰巨著,78,lrts
LR_TOPIC_000055,5373,book,29434,军妆|重生女的保家圆梦之旅,79,lrts
LR_TOPIC_000055,5373,book,29435,伪术士的悠闲生活,80,lrts
LR_TOPIC_000055,5373,book,29472,嫁给极品太子,81,lrts
LR_TOPIC_000055,5373,book,29473,都市呆萌录,82,lrts
LR_TOPIC_000055,5373,book,29478,冥侦探的灵异事件簿,83,lrts
LR_TOPIC_000055,5373,book,29483,星际盗墓|玄幻+科幻|未来世界,84,lrts
LR_TOPIC_000055,5373,book,29488,不死邪神,85,lrts
LR_TOPIC_000055,5373,book,29569,摸金笔记,86,lrts
LR_TOPIC_000055,5373,book,29571,谋宫,87,lrts
LR_TOPIC_000055,5373,book,29581,凤月无边|林家成大神作品,88,lrts
LR_TOPIC_000055,5373,book,29588,重生潜入梦,89,lrts
LR_TOPIC_000055,5373,book,29590,不朽神王|玄幻+|完本,90,lrts
LR_TOPIC_000055,5373,book,29591,仙之雇佣军,91,lrts
LR_TOPIC_000055,5373,book,29594,刑侦档案之名侦探李烨|刑侦/会员完本畅听,92,lrts
LR_TOPIC_000055,5373,book,29596,庶女难求,93,lrts
LR_TOPIC_000055,5373,book,29599,在清朝的生活,94,lrts
LR_TOPIC_000055,5373,book,29644,仙妻,95,lrts
LR_TOPIC_000055,5373,book,29714,谋杀现场（第3部）,96,lrts
LR_TOPIC_000055,5373,book,29812,八荒武神|大马金刀,97,lrts
LR_TOPIC_000055,5373,book,29819,我当鸟人的那几年|人气必听,98,lrts
LR_TOPIC_000055,5373,book,29828,女配修仙记,99,lrts
LR_TOPIC_000055,5373,book,29831,穿越未来之男人不好当|玄幻+科幻未来世界上部完结,100,lrts
LR_TOPIC_000055,5373,book,29839,新唐遗玉,101,lrts
LR_TOPIC_000055,5373,book,29844,原配宝典,102,lrts
LR_TOPIC_000055,5373,book,29880,秀色满园,103,lrts
LR_TOPIC_000056,5397,book,31960,异常生物见闻录|玄幻+科幻无限流封神之作,1,lrts
LR_TOPIC_000056,5397,book,37717,吞噬星空|畅听完本,2,lrts
LR_TOPIC_000056,5397,book,38740,我在末世有套房|玄幻+科幻诸天无限流,3,lrts
LR_TOPIC_000056,5397,book,44642,末日轮盘|轮盘世界|丧尸爆发|最新章节,4,lrts
LR_TOPIC_000056,5397,book,26446185,末日：全世界只有我拥有异能,5,lrts
LR_TOPIC_000056,5397,book,67558717,玩家凶猛|玄幻+科幻无限流|恐怖爆笑,6,lrts
LR_TOPIC_000056,5397,book,72845085,我在末世开宝箱|爆笑|带系统,7,lrts
LR_TOPIC_000056,5397,book,84969389,九星毒奶|玄幻+科幻|进化变异,8,lrts
LR_TOPIC_000056,5397,book,88663135,末世大回炉|玄幻+科幻|末世争霸,9,lrts
LR_TOPIC_000057,5396,book,24856135,不科学御兽|轻泉流响|完结畅听,1,lrts
LR_TOPIC_000057,5396,book,33679216,超神宠兽店|懒人自制|玄幻+召唤流|上部完结,2,lrts
LR_TOPIC_000057,5396,book,61120751,宠魅|丹羽道演播,3,lrts
LR_TOPIC_000057,5396,book,72042741,御兽进化商,4,lrts
LR_TOPIC_000057,5396,book,79686739,御兽：神级御兽使|穿越爽文,5,lrts
LR_TOPIC_000057,5396,book,96396250,全球凶兽：我有无数神话级宠兽|御兽养成|完结畅听,6,lrts
LR_TOPIC_000058,4879,book,11047906,听说你想追我|高甜多播有声剧,1,lrts
LR_TOPIC_000058,4879,book,24171273,盛宠之下合集|多人有声剧,2,lrts
LR_TOPIC_000058,4879,book,26605237,你的骄傲|运动渣学霸×电竞万人迷,3,lrts
LR_TOPIC_000058,4879,book,28168977,太和棠棣书|古风甜宠）|莱兮云天河等演播多人有声剧,4,lrts
LR_TOPIC_000058,4879,book,28680960,喜欢你，我也是|学霸的相爱相杀,5,lrts
LR_TOPIC_000058,4879,book,42872549,她的小甜饼,6,lrts
LR_TOPIC_000058,4879,book,46517432,我的新娘是戏精,7,lrts
LR_TOPIC_000058,4879,book,51392662,外星女生柴小七|徐志贤、万鹏主演同名影视剧,8,lrts
LR_TOPIC_000058,4879,book,55355551,林深时见鹿|多播,9,lrts
LR_TOPIC_000058,4879,book,70559519,一生一世美人骨,10,lrts
LR_TOPIC_000058,4879,book,70880865,国民系校草,11,lrts
LR_TOPIC_000058,4879,book,73873915,我不喜欢这世界我只喜欢你,12,lrts
LR_TOPIC_000058,4879,book,77548329,男神掉在我床上|小粉丝×大影帝,13,lrts
LR_TOPIC_000058,4879,book,77705115,舍我棋谁|多播,14,lrts
LR_TOPIC_000058,4879,book,77820195,拜托拜托请你爱我|同名电视剧原著,15,lrts
LR_TOPIC_000058,4879,book,97983511,她的微笑像颗糖|影视原著|甜宠现言校园|浪漫青春|多人有声剧,16,lrts
LR_TOPIC_000058,4879,book,98123527,满满喜欢你|双向暗恋,17,lrts
LR_TOPIC_000059,4881,book,14157845,两只前夫一台戏|《择君记》原著|张雪迎主演,1,lrts
LR_TOPIC_000059,4881,book,50141130,凤隐天下,2,lrts
LR_TOPIC_000059,4881,book,51974616,南烟斋笔录|广播剧|刘亦菲、井柏然同名漫改剧,3,lrts
LR_TOPIC_000059,4881,book,54202993,阿耐女性创业三部曲,4,lrts
LR_TOPIC_000059,4881,book,63942854,不得往生,5,lrts
LR_TOPIC_000060,5386,book,10085209,美国陷阱,1,lrts
LR_TOPIC_000060,5386,book,10884748,重新定义管理,2,lrts
LR_TOPIC_000060,5386,book,12763897,麦当劳之父的创业冒险,3,lrts
LR_TOPIC_000060,5386,book,12830985,伟大的博弈,4,lrts
LR_TOPIC_000060,5386,book,13104090,魔鬼经济学,5,lrts
LR_TOPIC_000060,5386,book,13331976,灰犀牛,6,lrts
LR_TOPIC_000060,5386,book,14129515,门口的野蛮人,7,lrts
LR_TOPIC_000060,5386,book,15736836,华特|迪士尼传,8,lrts
LR_TOPIC_000060,5386,book,16296395,奖赏,9,lrts
LR_TOPIC_000060,5386,book,22076742,谁动了我的奶酪,10,lrts
LR_TOPIC_000060,5386,book,23563038,黑天鹅,11,lrts
LR_TOPIC_000060,5386,book,24021090,搞定,12,lrts
LR_TOPIC_000060,5386,book,27057421,斯坦福极简经济学,13,lrts
LR_TOPIC_000060,5386,book,29379905,霍华德|休斯传,14,lrts
LR_TOPIC_000060,5386,book,30824622,穷爸爸富爸爸,15,lrts
LR_TOPIC_000060,5386,book,35762708,基业长青,16,lrts
LR_TOPIC_000060,5386,book,37702613,思考，快与慢,17,lrts
LR_TOPIC_000060,5386,book,42140537,原则,18,lrts
LR_TOPIC_000060,5386,book,42286759,鞋狗,19,lrts
LR_TOPIC_000060,5386,book,42728629,这就是马云,20,lrts
LR_TOPIC_000060,5386,book,47274091,致所有疯狂的家伙,21,lrts
LR_TOPIC_000060,5386,book,59829682,硅谷钢铁侠,22,lrts
LR_TOPIC_000060,5386,book,60373018,《全球商业好书100本精华解读》,23,lrts
LR_TOPIC_000060,5386,book,60527058,摩尔神话,24,lrts
LR_TOPIC_000060,5386,book,61088910,重新定义团队,25,lrts
LR_TOPIC_000060,5386,book,62143745,反脆弱,26,lrts
LR_TOPIC_000060,5386,book,63465942,重新定义公司,27,lrts
LR_TOPIC_000060,5386,book,64178041,品牌思维,28,lrts
LR_TOPIC_000060,5386,book,64580832,浪潮之巅,29,lrts
LR_TOPIC_000060,5386,book,67757845,上瘾,30,lrts
LR_TOPIC_000060,5386,book,69198646,长尾理论,31,lrts
LR_TOPIC_000060,5386,book,70658313,褚时健传,32,lrts
LR_TOPIC_000060,5386,book,72274822,口碑的力量,33,lrts
LR_TOPIC_000060,5386,book,73088250,竞争战略,34,lrts
LR_TOPIC_000060,5386,book,75362877,故事思维,35,lrts
LR_TOPIC_000060,5386,book,75837447,影响力,36,lrts
LR_TOPIC_000060,5386,book,78488979,非对称风险,37,lrts
LR_TOPIC_000060,5386,book,81215666,细节,38,lrts
LR_TOPIC_000060,5386,book,82520332,自来水哲学,39,lrts
LR_TOPIC_000060,5386,book,82790602,卓有成效的管理者,40,lrts
LR_TOPIC_000060,5386,book,85923094,引爆点,41,lrts
LR_TOPIC_000060,5386,book,87016240,创新与企业家精神,42,lrts
LR_TOPIC_000060,5386,book,87327911,沃顿商学院最受欢迎的谈判课,43,lrts
LR_TOPIC_000060,5386,book,87528458,宜家故事,44,lrts
LR_TOPIC_000060,5386,book,87761634,战胜一切市场的人,45,lrts
LR_TOPIC_000060,5386,book,89180214,定位,46,lrts
LR_TOPIC_000060,5386,book,90599503,富甲美国：沃尔顿自传,47,lrts
LR_TOPIC_000060,5386,book,96069339,乔布斯传,48,lrts
LR_TOPIC_000060,5386,book,97584662,从优秀到卓越,49,lrts
LR_TOPIC_000060,5386,book,97767235,我的生活与工作,50,lrts
LR_TOPIC_000060,5386,book,99789050,将心注入,51,lrts
LR_TOPIC_000061,5391,book,29812,八荒武神|大马金刀,1,lrts
LR_TOPIC_000061,5391,book,30683,全职法师|同名热播动漫原著|玄幻+作品,2,lrts
LR_TOPIC_000061,5391,book,35835,三界独尊|畅听完本|玄幻+作品,3,lrts
LR_TOPIC_000061,5391,book,38139,太古神王|盛一伦、王子文影视原著|玄幻+作品,4,lrts
LR_TOPIC_000061,5391,book,38257,神武战王|完结畅听,5,lrts
LR_TOPIC_000061,5391,book,39470,七界武神|叶之凡经典玄幻|玄幻+作品,6,lrts
LR_TOPIC_000061,5391,book,52316453,斗罗大陆IV终极斗罗|小龙神出世|龙神血脉|热血青春|青春燃情|斗罗情怀,7,lrts
LR_TOPIC_000061,5391,book,55626790,神魔天尊|丹羽道播讲|玄幻+作品,8,lrts
LR_TOPIC_000062,5385,book,40689,大王饶命|灵气复苏|领跑时代|胜者为王,1,lrts
LR_TOPIC_000062,5385,book,40844526,夜的命名术|会说话的肘子新作|玄幻+作品,2,lrts
LR_TOPIC_000062,5385,book,71078731,第一序列|会说话的肘子作品|动漫热播中,3,lrts
LR_TOPIC_000063,5383,book,30990504,23本书带你穿越历史，看世界发展,1,lrts
LR_TOPIC_000063,5383,book,32032603,改变心理学的40项研究,2,lrts
LR_TOPIC_000063,5383,book,34873596,用8本书的时间给心灵来一场按摩,3,lrts
LR_TOPIC_000063,5383,book,56428385,人生须尽欢，9本书道尽吃喝玩乐的最高境界,4,lrts
LR_TOPIC_000063,5383,book,85750443,18本人生必看的外国名著,5,lrts
LR_TOPIC_000063,5383,book,90544424,12本书带你走进中国文学殿堂,6,lrts
LR_TOPIC_000063,5383,book,96121033,如何成为金钱的主人,7,lrts
LR_TOPIC_000063,5383,book,96935776,当女性开始觉醒,8,lrts
LR_TOPIC_000066,5381,book,17074407,大耳朵图图|动画原声,1,lrts
LR_TOPIC_000066,5381,book,57119788,浩然爸爸讲史记|楚汉风云,2,lrts
LR_TOPIC_000066,5381,book,57859593,萌鸡小队3,3,lrts
LR_TOPIC_000066,5381,book,84986660,格林童话,4,lrts
LR_TOPIC_000067,5380,book,38491,刀尖上的舞者——章太炎与梁启超,1,lrts
LR_TOPIC_000067,5380,book,11332227,李大钊的故事,2,lrts
LR_TOPIC_000067,5380,book,12109853,奇迹|新青年声音档案,3,lrts
LR_TOPIC_000067,5380,book,63102141,360度鲁迅,4,lrts
LR_TOPIC_000067,5380,book,68779029,鲁迅回忆录,5,lrts
LR_TOPIC_000067,5380,book,75178097,梁启超家书：梁启超给孩子的105封信|他们为何个个成才,6,lrts
LR_TOPIC_000067,5380,book,98627048,大家小史：民国人物列传|鲁迅、胡适、孙中山、黄兴趣味故事,7,lrts
LR_TOPIC_000068,5376,book,22439688,《中华人民共和国民法典》通读,1,lrts
LR_TOPIC_000068,5376,book,85162299,民法典与日常生活,2,lrts
LR_TOPIC_000069,5378,book,19214015,无上神帝2：神道帝尊,1,lrts
LR_TOPIC_000069,5378,book,47158762,无上神帝|热播动漫原著|玄幻+作品,2,lrts
LR_TOPIC_000071,5372,book,34442,品《资治通鉴》：看中国权力游戏,1,lrts
LR_TOPIC_000071,5372,book,20158816,塔木德全集|提升思维格局|犹太人创业财富圣经,2,lrts
LR_TOPIC_000071,5372,book,29798437,二战全史|徐恺二战史话|通史解读,3,lrts
LR_TOPIC_000071,5372,book,34614898,沸腾新十年（合集）,4,lrts
LR_TOPIC_000071,5372,book,71924411,不忍细看的中国历史|中国通史,5,lrts
LR_TOPIC_000071,5372,book,87589353,张大春细说三国,6,lrts
LR_TOPIC_000071,5372,book,87954860,汴京之围,7,lrts
LR_TOPIC_000072,4975,book,26200650,儿科医生健康公开课|崔玉涛、韩红推荐,1,lrts
LR_TOPIC_000072,4975,book,45453817,咖宝车神4广播剧,2,lrts
LR_TOPIC_000072,4975,book,70426518,晚安爸爸讲睡前故事,3,lrts
LR_TOPIC_000072,4975,book,80920979,喵卷卷来了2|3,4,lrts
LR_TOPIC_000074,5377,book,39702,末世大回炉|玄幻+科幻|末世争霸,1,lrts
LR_TOPIC_000074,5377,book,41881,神印王座|唐家三少巨作|同名动漫热播,2,lrts
LR_TOPIC_000074,5377,book,44169,修真四万年|动漫《星域四万年》原著,3,lrts
LR_TOPIC_000074,5377,book,44642,末日轮盘|轮盘世界|丧尸爆发|最新章节,4,lrts
LR_TOPIC_000074,5377,book,19767419,万族之劫|袏佑、薄荷柠檬你领衔多人有声剧,5,lrts
LR_TOPIC_000074,5377,book,43282793,这个地球超玄幻,6,lrts
LR_TOPIC_000074,5377,book,78123440,我的末世基地车|玄幻+科幻|末世黑科技,7,lrts
LR_TOPIC_000074,5377,book,87933246,星门|老鹰吃小鸡重磅新书|畅销榜作品|完结畅听,8,lrts
LR_TOPIC_000076,5026,book,12205105,鬼医毒妾,1,lrts
LR_TOPIC_000076,5026,book,15071811,超级神医女婿,2,lrts
LR_TOPIC_000076,5026,book,22450905,最强医圣,3,lrts
LR_TOPIC_000076,5026,book,31037854,快穿之逍遥道,4,lrts
LR_TOPIC_000076,5026,book,34716049,天庭快递员,5,lrts
LR_TOPIC_000076,5026,book,52255293,我娘子超凶,6,lrts
LR_TOPIC_000076,5026,book,54230429,医药空间神医小农女|穿越异世|逆袭赚钱|契约缠身|扮猪吃虎|发家致富,7,lrts
LR_TOPIC_000076,5026,book,55496854,重生九零：小哥哥你命中缺我,8,lrts
LR_TOPIC_000076,5026,book,56171550,快穿之养老攻略|玄幻+,9,lrts
LR_TOPIC_000076,5026,book,59641462,和女神们的荒岛生涯|荒岛称王|网易畅销|女神相伴|热血逆袭|生存争霸,10,lrts
LR_TOPIC_000076,5026,book,60268958,炮灰女的另类修仙,11,lrts
LR_TOPIC_000076,5026,book,61231344,娇花养成手记,12,lrts
LR_TOPIC_000076,5026,book,61760662,战少，你媳妇又爬墙了|宋画意|多人有声剧,13,lrts
LR_TOPIC_000076,5026,book,63137974,重生之最佳再婚,14,lrts
LR_TOPIC_000076,5026,book,64678109,我有无敌复制系统,15,lrts
LR_TOPIC_000076,5026,book,65748962,斗罗大陆V重生唐三|唐家三少|赞扬演播|完结,16,lrts
LR_TOPIC_000076,5026,book,68905314,农家丑妻|爽文|逆袭,17,lrts
LR_TOPIC_000076,5026,book,70785344,重生九零辣妻追夫,18,lrts
LR_TOPIC_000076,5026,book,72933847,我七岁就成了祖师爷,19,lrts
LR_TOPIC_000076,5026,book,73143448,入骨宠婚：误惹天价老公,20,lrts
LR_TOPIC_000076,5026,book,73681450,我家长姐凶且媚（上部完结）,21,lrts
LR_TOPIC_000076,5026,book,75027231,农门喜事：娘子狠撩人,22,lrts
LR_TOPIC_000076,5026,book,81944770,无敌帝王召唤系统|穿越异界,23,lrts
LR_TOPIC_000076,5026,book,82248585,隐婚厚爱：北爷追妻忙,24,lrts
LR_TOPIC_000076,5026,book,86537133,都市之仙尊归来,25,lrts
LR_TOPIC_000076,5026,book,88300114,重生八零娇娇媳,26,lrts
LR_TOPIC_000076,5026,book,90733365,凡人修仙传|多人有声剧|杨洋主演影视原著|大结局抢先听|玄幻+,27,lrts
LR_TOPIC_000076,5026,book,92486345,逍遥战神,28,lrts
LR_TOPIC_000076,5026,book,96130463,穿成赘婿文男主的前妻|上部完结,29,lrts
LR_TOPIC_000076,5026,book,99211808,绝世盛宠：黑帝的呆萌妻,30,lrts
LR_TOPIC_000077,5374,book,2880,绝世唐门（斗罗大陆第二部）|御剑听风|暮然FM|有声主播红樱桃,1,lrts
LR_TOPIC_000077,5374,book,37366,斗罗大陆3：龙王传说|斗罗续篇|龙王踪迹|传奇再铸|热血冒险|伙伴羁绊,2,lrts
LR_TOPIC_000077,5374,book,43916,斗罗大陆|网文之王|再铸辉煌,3,lrts
LR_TOPIC_000077,5374,book,52316453,斗罗大陆IV终极斗罗|小龙神出世|龙神血脉|热血青春|青春燃情|斗罗情怀,4,lrts
LR_TOPIC_000077,5374,book,65748962,斗罗大陆V重生唐三|唐家三少|赞扬演播|完结,5,lrts
LR_TOPIC_000078,5375,book,96524835,改变孩子的性格弱点|亲子教育|家庭早教|儿童学前启蒙,1,lrts
LR_TOPIC_000079,5371,book,35891410,开国十中将,1,lrts
LR_TOPIC_000079,5371,book,61862652,志愿军十虎将,2,lrts
LR_TOPIC_000079,5371,book,69159931,抗战英雄谱,3,lrts
LR_TOPIC_000079,5371,book,76358065,红色政委传奇：中国人民解放军十四位政治委员征战纪实,4,lrts
LR_TOPIC_000079,5371,book,88569460,本色朱德,5,lrts
LR_TOPIC_000079,5371,book,91197238,从士兵到将军：13位红小鬼到大将军的征战历程,6,lrts
LR_TOPIC_000082,5131,book,35912,李庆丰文化评书：西游记,1,lrts
LR_TOPIC_000082,5131,book,40104,三国演义,2,lrts
LR_TOPIC_000082,5131,book,44105,水浒传,3,lrts
LR_TOPIC_000082,5131,book,88177782,红楼梦|李庆丰文化评书,4,lrts
LR_TOPIC_000083,5368,book,13666758,聊斋县令,1,lrts
LR_TOPIC_000083,5368,book,14058944,九龙抬棺|评书版,2,lrts
LR_TOPIC_000083,5368,book,17285876,北派盗墓笔记|【盗墓违法，请勿以身试法】鬼吹灯|悬疑惊悚|新评书,3,lrts
LR_TOPIC_000083,5368,book,60124474,盗墓生涯|真实的盗墓评书版,4,lrts
LR_TOPIC_000083,5368,book,77387636,古墓迷津|裴冠红评书,5,lrts
LR_TOPIC_000084,5369,book,28111,刘宝瑞单口相声,1,lrts
LR_TOPIC_000084,5369,book,41629,黄梅戏：女驸马|韩再芬演播,2,lrts
LR_TOPIC_000084,5369,book,47249737,唐诗宋词元曲|张准评书|原文+解读,3,lrts
LR_TOPIC_000084,5369,book,50863330,速听郭德纲语录|老郭有新番第一季精彩集锦,4,lrts
LR_TOPIC_000084,5369,book,63002485,三侠五义|《雨霖铃》故事蓝本|包公展昭|名家演绎,5,lrts
LR_TOPIC_000084,5369,book,75212484,三侠剑后传（第3部）|姚传政评书|书接单田芳版,6,lrts
LR_TOPIC_000085,5322,book,17285876,北派盗墓笔记|【盗墓违法，请勿以身试法】鬼吹灯|悬疑惊悚|新评书,1,lrts
LR_TOPIC_000085,5322,book,17358103,寻龙笔记|盗墓笔记兄弟篇,2,lrts
LR_TOPIC_000085,5322,book,60124474,盗墓生涯|真实的盗墓评书版,3,lrts
LR_TOPIC_000085,5322,book,77387636,古墓迷津|裴冠红评书,4,lrts
LR_TOPIC_000086,5303,book,59361208,三侠剑后传|第一部|书接单田芳版,1,lrts
LR_TOPIC_000086,5303,book,75212484,三侠剑后传（第3部）|姚传政评书|书接单田芳版,2,lrts
LR_TOPIC_000086,5303,book,94689503,三侠剑|致敬原著|袁派评书,3,lrts
LR_TOPIC_000087,5358,book,21844047,长津湖,1,lrts
LR_TOPIC_000087,5358,book,67824415,志愿军援朝纪实|跨过鸭绿江,2,lrts
LR_TOPIC_000089,5361,book,78336120,老郭有新番第一季|郭德纲品三国全集完整版,1,lrts
LR_TOPIC_000090,5366,book,22199629,尚小云舞台艺术,1,lrts
LR_TOPIC_000091,5365,book,64101544,断舍离|朱沐解读版,1,lrts
LR_TOPIC_000092,4849,book,10684903,新型冠状病毒肺炎预防手册,1,lrts
LR_TOPIC_000092,4849,book,19328235,战“疫”必胜|时刻准备着,2,lrts
LR_TOPIC_000092,4849,book,27528501,应对新冠肺炎疫情自我心理调适技巧100问,3,lrts
LR_TOPIC_000092,4849,book,29988336,来自新冠状病毒的自白书,4,lrts
LR_TOPIC_000092,4849,book,30186482,战疫纪实：记四川医疗队抗击新冠肺炎疫情,5,lrts
LR_TOPIC_000092,4849,book,33326851,武汉抗疫日记,6,lrts
LR_TOPIC_000092,4849,book,47707340,NCP肺炎调适方法指南|健康知识|预防疾病|防护,7,lrts
LR_TOPIC_000092,4849,book,63998581,一起抗疫，治愈你我|科普百科|疾病防疫,8,lrts
LR_TOPIC_000092,4849,book,76549909,查医生援鄂日记,9,lrts
LR_TOPIC_000094,5114,book,43996,大败局|套装共2册,1,lrts
LR_TOPIC_000094,5114,book,17303070,中国经济2021,2,lrts
LR_TOPIC_000094,5114,book,57289982,经济学的诡计大全集,3,lrts
LR_TOPIC_000095,5115,book,43269,32堂小白也能轻松学会的极简理财,1,lrts
LR_TOPIC_000098,5359,book,28702766,度阴山历史人物传记|共7册,1,lrts
LR_TOPIC_000098,5359,book,46482395,深不可测：刘伯温,2,lrts
LR_TOPIC_000098,5359,book,52635131,朱元璋：高筑墙！广积粮！缓称王,3,lrts
LR_TOPIC_000098,5359,book,62952047,秦始皇：创造力一统天下,4,lrts
LR_TOPIC_000098,5359,book,63042452,帝国首辅：张居正,5,lrts
LR_TOPIC_000098,5359,book,75827208,曹操：打不死的乐观主义者,6,lrts
LR_TOPIC_000098,5359,book,82736239,成吉思汗：意志征服世界,7,lrts
LR_TOPIC_000098,5359,book,94499864,曾国藩：又笨又慢平天下,8,lrts
LR_TOPIC_000099,5357,book,40600,相宝|神级捡漏王|刘大明白,1,lrts
LR_TOPIC_000099,5357,book,44071,雪国迷踪录,2,lrts
LR_TOPIC_000099,5357,book,44108,白蛇传,3,lrts
LR_TOPIC_000099,5357,book,14058944,九龙抬棺|评书版,4,lrts
LR_TOPIC_000099,5357,book,17748867,秦汉英雄谱,5,lrts
LR_TOPIC_000099,5357,book,19830199,江湖奇侠传|武侠宗师平江不肖生巨著,6,lrts
LR_TOPIC_000099,5357,book,26909961,龙图忠义传|书接龙虎风云会，姚传政演播,7,lrts
LR_TOPIC_000099,5357,book,32951220,水浒后传|梁山好汉|袁派风格,8,lrts
LR_TOPIC_000099,5357,book,37290233,裴冠红：东周列国志,9,lrts
LR_TOPIC_000099,5357,book,43679395,明朝那些事儿|明英烈,10,lrts
LR_TOPIC_000099,5357,book,47622179,聊斋新说|聊斋志异|楼兰评书,11,lrts
LR_TOPIC_000099,5357,book,66253215,说岳全传|岳飞传新说|楼兰演播,12,lrts
LR_TOPIC_000099,5357,book,68833724,忠义剑侠传|龙虎风云会|白眉大侠续集,13,lrts
LR_TOPIC_000099,5357,book,71032560,六下江南|姚传政演播,14,lrts
LR_TOPIC_000099,5357,book,76156619,水浒之征四寇|北御辽讨田虎伐王庆征方腊,15,lrts
LR_TOPIC_000099,5357,book,77595743,丑皇娘|女版郭德纲,16,lrts
LR_TOPIC_000099,5357,book,82711566,三续三侠剑,17,lrts
LR_TOPIC_000099,5357,book,94689503,三侠剑|致敬原著|袁派评书,18,lrts
LR_TOPIC_000099,5357,book,96771735,裴冠红：薛礼征东|薛仁贵征东,19,lrts
LR_TOPIC_000099,5357,book,97699765,呼杨合兵|历史评书,20,lrts
LR_TOPIC_000100,5356,book,18705575,世纪大盗张子强与叶继欢,1,lrts
LR_TOPIC_000100,5356,book,22088760,东北贼王黄瘸子,2,lrts
LR_TOPIC_000100,5356,book,47287265,中国刑事大案记实录,3,lrts
LR_TOPIC_000100,5356,book,52253114,侯大利刑侦笔记|大结局|悬疑探案丨犯罪,4,lrts
LR_TOPIC_000100,5356,book,70123277,中国悍匪录|大案纪实,5,lrts
LR_TOPIC_000100,5356,book,74898724,犯罪现场|《七宗罪》作者新作|多播剧,6,lrts
