source_tag_name,tag_code,parent_tag_code,tag_name,tag_type,sort_no,yn,source
题材,LR_TAG_GROUP_GENRE,,题材,genre,1,1,system
风格,LR_TAG_GROUP_STYLE,,风格,style,2,1,system
专题主题,LR_TAG_GROUP_TOPIC,,专题主题,topic,3,1,system
有声小说,LR_TAG_GENRE_有声小说,LR_TAG_GROUP_GENRE,有声小说,genre,4,1,lrts
相声评书,LR_TAG_GENRE_相声评书,LR_TAG_GROUP_GENRE,相声评书,genre,5,1,lrts
戏曲曲艺,LR_TAG_GENRE_戏曲曲艺,LR_TAG_GROUP_GENRE,戏曲曲艺,genre,6,1,lrts
文学,LR_TAG_GENRE_文学,LR_TAG_GROUP_GENRE,文学,genre,7,1,lrts
幼儿教育,LR_TAG_GENRE_幼儿教育,LR_TAG_GROUP_GENRE,幼儿教育,genre,8,1,lrts
红色足迹,LR_TAG_GENRE_红色足迹,LR_TAG_GROUP_GENRE,红色足迹,genre,9,1,lrts
娱乐综艺,LR_TAG_GENRE_娱乐综艺,LR_TAG_GROUP_GENRE,娱乐综艺,genre,10,1,lrts
音乐调频,LR_TAG_GENRE_音乐调频,LR_TAG_GROUP_GENRE,音乐调频,genre,11,1,lrts
人文,LR_TAG_GENRE_人文,LR_TAG_GROUP_GENRE,人文,genre,12,1,lrts
成功,LR_TAG_GENRE_成功,LR_TAG_GROUP_GENRE,成功,genre,13,1,lrts
其他,LR_TAG_GENRE_其他,LR_TAG_GROUP_GENRE,其他,genre,14,1,lrts
生活,LR_TAG_GENRE_生活,LR_TAG_GROUP_GENRE,生活,genre,15,1,lrts
财经,LR_TAG_GENRE_财经,LR_TAG_GROUP_GENRE,财经,genre,16,1,lrts
健康,LR_TAG_GENRE_健康,LR_TAG_GROUP_GENRE,健康,genre,17,1,lrts
历史,LR_TAG_GENRE_历史,LR_TAG_GROUP_GENRE,历史,genre,18,1,lrts
党政,LR_TAG_GENRE_党政,LR_TAG_GROUP_GENRE,党政,genre,19,1,lrts
搞笑娱乐,LR_TAG_GENRE_搞笑娱乐,LR_TAG_GROUP_GENRE,搞笑娱乐,genre,20,1,lrts
脱口秀,LR_TAG_GENRE_脱口秀,LR_TAG_GROUP_GENRE,脱口秀,genre,21,1,lrts
玄幻奇幻,LR_TAG_GENRE_玄幻奇幻,LR_TAG_GROUP_GENRE,玄幻奇幻,genre,22,1,lrts
历史幻想,LR_TAG_GENRE_历史幻想,LR_TAG_GROUP_GENRE,历史幻想,genre,23,1,lrts
古代言情,LR_TAG_GENRE_古代言情,LR_TAG_GROUP_GENRE,古代言情,genre,24,1,lrts
都市传说,LR_TAG_GENRE_都市传说,LR_TAG_GROUP_GENRE,都市传说,genre,25,1,lrts
科幻空间,LR_TAG_GENRE_科幻空间,LR_TAG_GROUP_GENRE,科幻空间,genre,26,1,lrts
穿越架空,LR_TAG_GENRE_穿越架空,LR_TAG_GROUP_GENRE,穿越架空,genre,27,1,lrts
武侠仙侠,LR_TAG_GENRE_武侠仙侠,LR_TAG_GROUP_GENRE,武侠仙侠,genre,28,1,lrts
青春校园,LR_TAG_GENRE_青春校园,LR_TAG_GROUP_GENRE,青春校园,genre,29,1,lrts
网游竞技,LR_TAG_GENRE_网游竞技,LR_TAG_GROUP_GENRE,网游竞技,genre,30,1,lrts
现代言情,LR_TAG_GENRE_现代言情,LR_TAG_GROUP_GENRE,现代言情,genre,31,1,lrts
次元专区,LR_TAG_GENRE_次元专区,LR_TAG_GROUP_GENRE,次元专区,genre,32,1,lrts
连丽如,LR_TAG_GENRE_连丽如,LR_TAG_GROUP_GENRE,连丽如,genre,33,1,lrts
袁阔成,LR_TAG_GENRE_袁阔成,LR_TAG_GROUP_GENRE,袁阔成,genre,34,1,lrts
单田芳,LR_TAG_GENRE_单田芳,LR_TAG_GROUP_GENRE,单田芳,genre,35,1,lrts
文化评书,LR_TAG_GENRE_文化评书,LR_TAG_GROUP_GENRE,文化评书,genre,36,1,lrts
相声小品,LR_TAG_GENRE_相声小品,LR_TAG_GROUP_GENRE,相声小品,genre,37,1,lrts
短打评书,LR_TAG_GENRE_短打评书,LR_TAG_GROUP_GENRE,短打评书,genre,38,1,lrts
鬼狐评书,LR_TAG_GENRE_鬼狐评书,LR_TAG_GROUP_GENRE,鬼狐评书,genre,39,1,lrts
历史评书,LR_TAG_GENRE_历史评书,LR_TAG_GROUP_GENRE,历史评书,genre,40,1,lrts
刘兰芳,LR_TAG_GENRE_刘兰芳,LR_TAG_GROUP_GENRE,刘兰芳,genre,41,1,lrts
公案评书,LR_TAG_GENRE_公案评书,LR_TAG_GROUP_GENRE,公案评书,genre,42,1,lrts
新评书,LR_TAG_GENRE_新评书,LR_TAG_GROUP_GENRE,新评书,genre,43,1,lrts
儿歌童谣,LR_TAG_GENRE_儿歌童谣,LR_TAG_GROUP_GENRE,儿歌童谣,genre,44,1,lrts
益智故事,LR_TAG_GENRE_益智故事,LR_TAG_GROUP_GENRE,益智故事,genre,45,1,lrts
少儿科普,LR_TAG_GENRE_少儿科普,LR_TAG_GROUP_GENRE,少儿科普,genre,46,1,lrts
家教育儿,LR_TAG_GENRE_家教育儿,LR_TAG_GROUP_GENRE,家教育儿,genre,47,1,lrts
少儿英语,LR_TAG_GENRE_少儿英语,LR_TAG_GROUP_GENRE,少儿英语,genre,48,1,lrts
儿童文学,LR_TAG_GENRE_儿童文学,LR_TAG_GROUP_GENRE,儿童文学,genre,49,1,lrts
英语启蒙,LR_TAG_GENRE_英语启蒙,LR_TAG_GROUP_GENRE,英语启蒙,genre,50,1,lrts
卡通动画,LR_TAG_GENRE_卡通动画,LR_TAG_GROUP_GENRE,卡通动画,genre,51,1,lrts
国学启蒙,LR_TAG_GENRE_国学启蒙,LR_TAG_GROUP_GENRE,国学启蒙,genre,52,1,lrts
少儿名著,LR_TAG_GENRE_少儿名著,LR_TAG_GROUP_GENRE,少儿名著,genre,53,1,lrts
绘本早教,LR_TAG_GENRE_绘本早教,LR_TAG_GROUP_GENRE,绘本早教,genre,54,1,lrts
少儿历史,LR_TAG_GENRE_少儿历史,LR_TAG_GROUP_GENRE,少儿历史,genre,55,1,lrts
通识教育,LR_TAG_GENRE_通识教育,LR_TAG_GROUP_GENRE,通识教育,genre,56,1,lrts
教辅教材,LR_TAG_GENRE_教辅教材,LR_TAG_GROUP_GENRE,教辅教材,genre,57,1,lrts
悬疑推理,LR_TAG_GENRE_悬疑推理,LR_TAG_GROUP_GENRE,悬疑推理,genre,58,1,lrts
助眠,LR_TAG_GENRE_助眠,LR_TAG_GROUP_GENRE,助眠,genre,59,1,lrts
情感,LR_TAG_GENRE_情感,LR_TAG_GROUP_GENRE,情感,genre,60,1,lrts
娱乐,LR_TAG_GENRE_娱乐,LR_TAG_GROUP_GENRE,娱乐,genre,61,1,lrts
健康生活,LR_TAG_GENRE_健康生活,LR_TAG_GROUP_GENRE,健康生活,genre,62,1,lrts
名著解读,LR_TAG_GENRE_名著解读,LR_TAG_GROUP_GENRE,名著解读,genre,63,1,lrts
有声读物,LR_TAG_GENRE_有声读物,LR_TAG_GROUP_GENRE,有声读物,genre,64,1,lrts
人文历史,LR_TAG_GENRE_人文历史,LR_TAG_GROUP_GENRE,人文历史,genre,65,1,lrts
故事,LR_TAG_GENRE_故事,LR_TAG_GROUP_GENRE,故事,genre,66,1,lrts
音乐,LR_TAG_GENRE_音乐,LR_TAG_GROUP_GENRE,音乐,genre,67,1,lrts
头条,LR_TAG_GENRE_头条,LR_TAG_GROUP_GENRE,头条,genre,68,1,lrts
亲子,LR_TAG_GENRE_亲子,LR_TAG_GROUP_GENRE,亲子,genre,69,1,lrts
乡村生活,LR_TAG_GENRE_乡村生活,LR_TAG_GROUP_GENRE,乡村生活,genre,70,1,lrts
官场商战,LR_TAG_GENRE_官场商战,LR_TAG_GROUP_GENRE,官场商战,genre,71,1,lrts
人物传记,LR_TAG_GENRE_人物传记,LR_TAG_GROUP_GENRE,人物传记,genre,72,1,lrts
热血军事,LR_TAG_GENRE_热血军事,LR_TAG_GROUP_GENRE,热血军事,genre,73,1,lrts
影视文学,LR_TAG_GENRE_影视文学,LR_TAG_GROUP_GENRE,影视文学,genre,74,1,lrts
历史小说,LR_TAG_GENRE_历史小说,LR_TAG_GROUP_GENRE,历史小说,genre,75,1,lrts
奇人怪谈,LR_TAG_GENRE_奇人怪谈,LR_TAG_GROUP_GENRE,奇人怪谈,genre,76,1,lrts
名著精读,LR_TAG_GENRE_名著精读,LR_TAG_GROUP_GENRE,名著精读,genre,77,1,lrts
名家名著,LR_TAG_GENRE_名家名著,LR_TAG_GROUP_GENRE,名家名著,genre,78,1,lrts
人际沟通,LR_TAG_GENRE_人际沟通,LR_TAG_GROUP_GENRE,人际沟通,genre,79,1,lrts
通俗文学,LR_TAG_GENRE_通俗文学,LR_TAG_GROUP_GENRE,通俗文学,genre,80,1,lrts
商业智慧,LR_TAG_GENRE_商业智慧,LR_TAG_GROUP_GENRE,商业智慧,genre,81,1,lrts
管理营销,LR_TAG_GENRE_管理营销,LR_TAG_GROUP_GENRE,管理营销,genre,82,1,lrts
激励成长,LR_TAG_GENRE_激励成长,LR_TAG_GROUP_GENRE,激励成长,genre,83,1,lrts
中国古代史,LR_TAG_GENRE_中国古代史,LR_TAG_GROUP_GENRE,中国古代史,genre,84,1,lrts
外国文学,LR_TAG_GENRE_外国文学,LR_TAG_GROUP_GENRE,外国文学,genre,85,1,lrts
商业财经,LR_TAG_GENRE_商业财经,LR_TAG_GROUP_GENRE,商业财经,genre,86,1,lrts
语言学习,LR_TAG_GENRE_语言学习,LR_TAG_GROUP_GENRE,语言学习,genre,87,1,lrts
职场进阶,LR_TAG_GENRE_职场进阶,LR_TAG_GROUP_GENRE,职场进阶,genre,88,1,lrts
教育培训,LR_TAG_GENRE_教育培训,LR_TAG_GROUP_GENRE,教育培训,genre,89,1,lrts
散文诗歌,LR_TAG_GENRE_散文诗歌,LR_TAG_GROUP_GENRE,散文诗歌,genre,90,1,lrts
多人有声剧,LR_TAG_STYLE_多人有声剧,LR_TAG_GROUP_STYLE,多人有声剧,style,91,1,lrts
玄幻,LR_TAG_STYLE_玄幻,LR_TAG_GROUP_STYLE,玄幻,style,92,1,lrts
单田芳,LR_TAG_STYLE_单田芳,LR_TAG_GROUP_STYLE,单田芳,style,93,1,lrts
新评书,LR_TAG_STYLE_新评书,LR_TAG_GROUP_STYLE,新评书,style,94,1,lrts
爽文,LR_TAG_STYLE_爽文,LR_TAG_GROUP_STYLE,爽文,style,95,1,lrts
作品,LR_TAG_STYLE_作品,LR_TAG_GROUP_STYLE,作品,style,96,1,lrts
儿童故事系列,LR_TAG_STYLE_儿童故事系列,LR_TAG_GROUP_STYLE,儿童故事系列,style,97,1,lrts
多人剧,LR_TAG_STYLE_多人剧,LR_TAG_GROUP_STYLE,多人剧,style,98,1,lrts
完本畅听,LR_TAG_STYLE_完本畅听,LR_TAG_GROUP_STYLE,完本畅听,style,99,1,lrts
新评书版,LR_TAG_STYLE_新评书版,LR_TAG_GROUP_STYLE,新评书版,style,100,1,lrts
智能语音录制,LR_TAG_STYLE_智能语音录制,LR_TAG_GROUP_STYLE,智能语音录制,style,101,1,lrts
穿越,LR_TAG_STYLE_穿越,LR_TAG_GROUP_STYLE,穿越,style,102,1,lrts
精品多人剧,LR_TAG_STYLE_精品多人剧,LR_TAG_GROUP_STYLE,精品多人剧,style,103,1,lrts
精品多人有声剧,LR_TAG_STYLE_精品多人有声剧,LR_TAG_GROUP_STYLE,精品多人有声剧,style,104,1,lrts
精品多播,LR_TAG_STYLE_精品多播,LR_TAG_GROUP_STYLE,精品多播,style,105,1,lrts
动漫热播原著,LR_TAG_STYLE_动漫热播原著,LR_TAG_GROUP_STYLE,动漫热播原著,style,106,1,lrts
多播,LR_TAG_STYLE_多播,LR_TAG_GROUP_STYLE,多播,style,107,1,lrts
大神作品,LR_TAG_STYLE_大神作品,LR_TAG_GROUP_STYLE,大神作品,style,108,1,lrts
悬疑灵异,LR_TAG_STYLE_悬疑灵异,LR_TAG_GROUP_STYLE,悬疑灵异,style,109,1,lrts
智能语音,LR_TAG_STYLE_智能语音,LR_TAG_GROUP_STYLE,智能语音,style,110,1,lrts
曲中人工作室,LR_TAG_STYLE_曲中人工作室,LR_TAG_GROUP_STYLE,曲中人工作室,style,111,1,lrts
多人精品剧,LR_TAG_STYLE_多人精品剧,LR_TAG_GROUP_STYLE,多人精品剧,style,112,1,lrts
多人精品有声剧,LR_TAG_STYLE_多人精品有声剧,LR_TAG_GROUP_STYLE,多人精品有声剧,style,113,1,lrts
無心方丈,LR_TAG_STYLE_無心方丈,LR_TAG_GROUP_STYLE,無心方丈,style,114,1,lrts
甜宠,LR_TAG_STYLE_甜宠,LR_TAG_GROUP_STYLE,甜宠,style,115,1,lrts
谦儿2016演播,LR_TAG_STYLE_谦儿2016演播,LR_TAG_GROUP_STYLE,谦儿2016演播,style,116,1,lrts
逆袭,LR_TAG_STYLE_逆袭,LR_TAG_GROUP_STYLE,逆袭,style,117,1,lrts
上部完结,LR_TAG_STYLE_上部完结,LR_TAG_GROUP_STYLE,上部完结,style,118,1,lrts
冠冠演播,LR_TAG_STYLE_冠冠演播,LR_TAG_GROUP_STYLE,冠冠演播,style,119,1,lrts
凡人修仙传,LR_TAG_STYLE_凡人修仙传,LR_TAG_GROUP_STYLE,凡人修仙传,style,120,1,lrts
千奇百怪小百科,LR_TAG_STYLE_千奇百怪小百科,LR_TAG_GROUP_STYLE,千奇百怪小百科,style,121,1,lrts
发家致富,LR_TAG_STYLE_发家致富,LR_TAG_GROUP_STYLE,发家致富,style,122,1,lrts
周建龙演播,LR_TAG_STYLE_周建龙演播,LR_TAG_GROUP_STYLE,周建龙演播,style,123,1,lrts
多人小说剧,LR_TAG_STYLE_多人小说剧,LR_TAG_GROUP_STYLE,多人小说剧,style,124,1,lrts
大灰狼演播,LR_TAG_STYLE_大灰狼演播,LR_TAG_GROUP_STYLE,大灰狼演播,style,125,1,lrts
完结畅听,LR_TAG_STYLE_完结畅听,LR_TAG_GROUP_STYLE,完结畅听,style,126,1,lrts
年代,LR_TAG_STYLE_年代,LR_TAG_GROUP_STYLE,年代,style,127,1,lrts
抖音爆款,LR_TAG_STYLE_抖音爆款,LR_TAG_GROUP_STYLE,抖音爆款,style,128,1,lrts
权谋,LR_TAG_STYLE_权谋,LR_TAG_GROUP_STYLE,权谋,style,129,1,lrts
热血逆袭,LR_TAG_STYLE_热血逆袭,LR_TAG_GROUP_STYLE,热血逆袭,style,130,1,lrts
白眉大侠,LR_TAG_STYLE_白眉大侠,LR_TAG_GROUP_STYLE,白眉大侠,style,131,1,lrts
穿越重生,LR_TAG_STYLE_穿越重生,LR_TAG_GROUP_STYLE,穿越重生,style,132,1,lrts
系统,LR_TAG_STYLE_系统,LR_TAG_GROUP_STYLE,系统,style,133,1,lrts
经典评书,LR_TAG_STYLE_经典评书,LR_TAG_GROUP_STYLE,经典评书,style,134,1,lrts
聊斋志异,LR_TAG_STYLE_聊斋志异,LR_TAG_GROUP_STYLE,聊斋志异,style,135,1,lrts
静思有我,LR_TAG_STYLE_静思有我,LR_TAG_GROUP_STYLE,静思有我,style,136,1,lrts
320回,LR_TAG_STYLE_320回,LR_TAG_GROUP_STYLE,320回,style,137,1,lrts
儿童睡前故事,LR_TAG_STYLE_儿童睡前故事,LR_TAG_GROUP_STYLE,儿童睡前故事,style,138,1,lrts
全网首发,LR_TAG_STYLE_全网首发,LR_TAG_GROUP_STYLE,全网首发,style,139,1,lrts
凡人流,LR_TAG_STYLE_凡人流,LR_TAG_GROUP_STYLE,凡人流,style,140,1,lrts
动漫原著,LR_TAG_STYLE_动漫原著,LR_TAG_GROUP_STYLE,动漫原著,style,141,1,lrts
双强,LR_TAG_STYLE_双强,LR_TAG_GROUP_STYLE,双强,style,142,1,lrts
后宫,LR_TAG_STYLE_后宫,LR_TAG_GROUP_STYLE,后宫,style,143,1,lrts
周建龙播,LR_TAG_STYLE_周建龙播,LR_TAG_GROUP_STYLE,周建龙播,style,144,1,lrts
周建龙监制,LR_TAG_STYLE_周建龙监制,LR_TAG_GROUP_STYLE,周建龙监制,style,145,1,lrts
声娱文化,LR_TAG_STYLE_声娱文化,LR_TAG_GROUP_STYLE,声娱文化,style,146,1,lrts
多人演播,LR_TAG_STYLE_多人演播,LR_TAG_GROUP_STYLE,多人演播,style,147,1,lrts
多播剧,LR_TAG_STYLE_多播剧,LR_TAG_GROUP_STYLE,多播剧,style,148,1,lrts
大有叔叔,LR_TAG_STYLE_大有叔叔,LR_TAG_GROUP_STYLE,大有叔叔,style,149,1,lrts
大案纪实,LR_TAG_STYLE_大案纪实,LR_TAG_GROUP_STYLE,大案纪实,style,150,1,lrts
大结局抢先听,LR_TAG_STYLE_大结局抢先听,LR_TAG_GROUP_STYLE,大结局抢先听,style,151,1,lrts
妙语连珠,LR_TAG_STYLE_妙语连珠,LR_TAG_GROUP_STYLE,妙语连珠,style,152,1,lrts
完结多人剧,LR_TAG_STYLE_完结多人剧,LR_TAG_GROUP_STYLE,完结多人剧,style,153,1,lrts
家长里短,LR_TAG_STYLE_家长里短,LR_TAG_GROUP_STYLE,家长里短,style,154,1,lrts
年代文,LR_TAG_STYLE_年代文,LR_TAG_GROUP_STYLE,年代文,style,155,1,lrts
广播剧,LR_TAG_STYLE_广播剧,LR_TAG_GROUP_STYLE,广播剧,style,156,1,lrts
德云社,LR_TAG_STYLE_德云社,LR_TAG_GROUP_STYLE,德云社,style,157,1,lrts
快穿,LR_TAG_STYLE_快穿,LR_TAG_GROUP_STYLE,快穿,style,158,1,lrts
搞笑奇遇,LR_TAG_STYLE_搞笑奇遇,LR_TAG_GROUP_STYLE,搞笑奇遇,style,159,1,lrts
斗罗大陆,LR_TAG_STYLE_斗罗大陆,LR_TAG_GROUP_STYLE,斗罗大陆,style,160,1,lrts
杨洋主演影视原著,LR_TAG_STYLE_杨洋主演影视原著,LR_TAG_GROUP_STYLE,杨洋主演影视原著,style,161,1,lrts
水浒全传,LR_TAG_STYLE_水浒全传,LR_TAG_GROUP_STYLE,水浒全传,style,162,1,lrts
热播动漫原著,LR_TAG_STYLE_热播动漫原著,LR_TAG_GROUP_STYLE,热播动漫原著,style,163,1,lrts
爆笑,LR_TAG_STYLE_爆笑,LR_TAG_GROUP_STYLE,爆笑,style,164,1,lrts
爆笑穿越,LR_TAG_STYLE_爆笑穿越,LR_TAG_GROUP_STYLE,爆笑穿越,style,165,1,lrts
百人多播剧,LR_TAG_STYLE_百人多播剧,LR_TAG_GROUP_STYLE,百人多播剧,style,166,1,lrts
神墓,LR_TAG_STYLE_神墓,LR_TAG_GROUP_STYLE,神墓,style,167,1,lrts
神秘岛,LR_TAG_STYLE_神秘岛,LR_TAG_GROUP_STYLE,神秘岛,style,168,1,lrts
种田,LR_TAG_STYLE_种田,LR_TAG_GROUP_STYLE,种田,style,169,1,lrts
童话故事,LR_TAG_STYLE_童话故事,LR_TAG_GROUP_STYLE,童话故事,style,170,1,lrts
主播桑梓讲故事人气听单,LR_TAG_TOPIC_主播桑梓讲故事人气听单,LR_TAG_GROUP_TOPIC,主播桑梓讲故事人气听单,topic,171,1,lrts
娴侃侃人气听单,LR_TAG_TOPIC_娴侃侃人气听单,LR_TAG_GROUP_TOPIC,娴侃侃人气听单,topic,172,1,lrts
周建龙本尊人气听单,LR_TAG_TOPIC_周建龙本尊人气听单,LR_TAG_GROUP_TOPIC,周建龙本尊人气听单,topic,173,1,lrts
关彦之人气听单,LR_TAG_TOPIC_关彦之人气听单,LR_TAG_GROUP_TOPIC,关彦之人气听单,topic,174,1,lrts
谦儿人气听单,LR_TAG_TOPIC_谦儿人气听单,LR_TAG_GROUP_TOPIC,谦儿人气听单,topic,175,1,lrts
冠冠人气听单,LR_TAG_TOPIC_冠冠人气听单,LR_TAG_GROUP_TOPIC,冠冠人气听单,topic,176,1,lrts
無心方丈人气听单,LR_TAG_TOPIC_無心方丈人气听单,LR_TAG_GROUP_TOPIC,無心方丈人气听单,topic,177,1,lrts
曲中人有故事人气听单,LR_TAG_TOPIC_曲中人有故事人气听单,LR_TAG_GROUP_TOPIC,曲中人有故事人气听单,topic,178,1,lrts
袏佑（于申威）人气听单,LR_TAG_TOPIC_袏佑_于申威_人气听单,LR_TAG_GROUP_TOPIC,袏佑（于申威）人气听单,topic,179,1,lrts
春节季—新书热播,LR_TAG_TOPIC_春节季_新书热播,LR_TAG_GROUP_TOPIC,春节季—新书热播,topic,180,1,lrts
国漫崛起,LR_TAG_TOPIC_国漫崛起,LR_TAG_GROUP_TOPIC,国漫崛起,topic,181,1,lrts
即将开播,LR_TAG_TOPIC_即将开播,LR_TAG_GROUP_TOPIC,即将开播,topic,182,1,lrts
时代奋斗,LR_TAG_TOPIC_时代奋斗,LR_TAG_GROUP_TOPIC,时代奋斗,topic,183,1,lrts
男生爱听,LR_TAG_TOPIC_男生爱听,LR_TAG_GROUP_TOPIC,男生爱听,topic,184,1,lrts
女生爱听,LR_TAG_TOPIC_女生爱听,LR_TAG_GROUP_TOPIC,女生爱听,topic,185,1,lrts
入站必听,LR_TAG_TOPIC_入站必听,LR_TAG_GROUP_TOPIC,入站必听,topic,186,1,lrts
会员热门新书,LR_TAG_TOPIC_会员热门新书,LR_TAG_GROUP_TOPIC,会员热门新书,topic,187,1,lrts
三毛：不要问我从哪里来 我的故乡在远方,LR_TAG_TOPIC_三毛_不要问我从哪里来_我的故乡在远方,LR_TAG_GROUP_TOPIC,三毛：不要问我从哪里来 我的故乡在远方,topic,188,1,lrts
甜虐爱情,LR_TAG_TOPIC_甜虐爱情,LR_TAG_GROUP_TOPIC,甜虐爱情,topic,189,1,lrts
国家公祭日 | 为了不能忘却的纪念,LR_TAG_TOPIC_国家公祭日_为了不能忘却的纪念,LR_TAG_GROUP_TOPIC,国家公祭日 | 为了不能忘却的纪念,topic,190,1,lrts
古装大剧,LR_TAG_TOPIC_古装大剧,LR_TAG_GROUP_TOPIC,古装大剧,topic,191,1,lrts
稻盛和夫，经营之圣的不败秘诀,LR_TAG_TOPIC_稻盛和夫_经营之圣的不败秘诀,LR_TAG_GROUP_TOPIC,稻盛和夫，经营之圣的不败秘诀,topic,192,1,lrts
原创爆更,LR_TAG_TOPIC_原创爆更,LR_TAG_GROUP_TOPIC,原创爆更,topic,193,1,lrts
女频爆更,LR_TAG_TOPIC_女频爆更,LR_TAG_GROUP_TOPIC,女频爆更,topic,194,1,lrts
易中天中华史：百家讲坛名师带你通览中国历史,LR_TAG_TOPIC_易中天中华史_百家讲坛名师带你通览中国历史,LR_TAG_GROUP_TOPIC,易中天中华史：百家讲坛名师带你通览中国历史,topic,195,1,lrts
凡尔纳：蒸汽时代的科幻之父,LR_TAG_TOPIC_凡尔纳_蒸汽时代的科幻之父,LR_TAG_GROUP_TOPIC,凡尔纳：蒸汽时代的科幻之父,topic,196,1,lrts
818懒人听书知识节,LR_TAG_TOPIC_818懒人听书知识节,LR_TAG_GROUP_TOPIC,818懒人听书知识节,topic,197,1,lrts
儿童免费专区,LR_TAG_TOPIC_儿童免费专区,LR_TAG_GROUP_TOPIC,儿童免费专区,topic,198,1,lrts
周末限定 爆款满减,LR_TAG_TOPIC_周末限定_爆款满减,LR_TAG_GROUP_TOPIC,周末限定 爆款满减,topic,199,1,lrts
大自然沉浸助眠,LR_TAG_TOPIC_大自然沉浸助眠,LR_TAG_GROUP_TOPIC,大自然沉浸助眠,topic,200,1,lrts
原创会员专区,LR_TAG_TOPIC_原创会员专区,LR_TAG_GROUP_TOPIC,原创会员专区,topic,201,1,lrts
法医秦明推理系列,LR_TAG_TOPIC_法医秦明推理系列,LR_TAG_GROUP_TOPIC,法医秦明推理系列,topic,202,1,lrts
天蚕土豆·斗破三部曲,LR_TAG_TOPIC_天蚕土豆_斗破三部曲,LR_TAG_GROUP_TOPIC,天蚕土豆·斗破三部曲,topic,203,1,lrts
1元购课，没有套路只有福利,LR_TAG_TOPIC_1元购课_没有套路只有福利,LR_TAG_GROUP_TOPIC,1元购课，没有套路只有福利,topic,204,1,lrts
时代楷模,LR_TAG_TOPIC_时代楷模,LR_TAG_GROUP_TOPIC,时代楷模,topic,205,1,lrts
科技创新,LR_TAG_TOPIC_科技创新,LR_TAG_GROUP_TOPIC,科技创新,topic,206,1,lrts
改革开放,LR_TAG_TOPIC_改革开放,LR_TAG_GROUP_TOPIC,改革开放,topic,207,1,lrts
伟人风采,LR_TAG_TOPIC_伟人风采,LR_TAG_GROUP_TOPIC,伟人风采,topic,208,1,lrts
建党1921,LR_TAG_TOPIC_建党1921,LR_TAG_GROUP_TOPIC,建党1921,topic,209,1,lrts
杨十六超人气神医三部曲,LR_TAG_TOPIC_杨十六超人气神医三部曲,LR_TAG_GROUP_TOPIC,杨十六超人气神医三部曲,topic,210,1,lrts
周末限定 大额满减,LR_TAG_TOPIC_周末限定_大额满减,LR_TAG_GROUP_TOPIC,周末限定 大额满减,topic,211,1,lrts
辰东·遮天三部曲,LR_TAG_TOPIC_辰东_遮天三部曲,LR_TAG_GROUP_TOPIC,辰东·遮天三部曲,topic,212,1,lrts
财务自由终极书单：穷爸爸富爸爸系列,LR_TAG_TOPIC_财务自由终极书单_穷爸爸富爸爸系列,LR_TAG_GROUP_TOPIC,财务自由终极书单：穷爸爸富爸爸系列,topic,213,1,lrts
陈忠实：再见白鹿原魂,LR_TAG_TOPIC_陈忠实_再见白鹿原魂,LR_TAG_GROUP_TOPIC,陈忠实：再见白鹿原魂,topic,214,1,lrts
中国乡土文学之父沈从文,LR_TAG_TOPIC_中国乡土文学之父沈从文,LR_TAG_GROUP_TOPIC,中国乡土文学之父沈从文,topic,215,1,lrts
村上春树,LR_TAG_TOPIC_村上春树,LR_TAG_GROUP_TOPIC,村上春树,topic,216,1,lrts
过千万播放完本小说，限时超值满减！,LR_TAG_TOPIC_过千万播放完本小说_限时超值满减,LR_TAG_GROUP_TOPIC,过千万播放完本小说，限时超值满减！,topic,217,1,lrts
音乐大师课,LR_TAG_TOPIC_音乐大师课,LR_TAG_GROUP_TOPIC,音乐大师课,topic,218,1,lrts
同系列多,LR_TAG_TOPIC_同系列多,LR_TAG_GROUP_TOPIC,同系列多,topic,219,1,lrts
耳界助眠|来自大自然的温柔馈赠,LR_TAG_TOPIC_耳界助眠_来自大自然的温柔馈赠,LR_TAG_GROUP_TOPIC,耳界助眠|来自大自然的温柔馈赠,topic,220,1,lrts
远瞳·希灵三部曲,LR_TAG_TOPIC_远瞳_希灵三部曲,LR_TAG_GROUP_TOPIC,远瞳·希灵三部曲,topic,221,1,lrts
东方玄幻暴爽神作,LR_TAG_TOPIC_东方玄幻暴爽神作,LR_TAG_GROUP_TOPIC,东方玄幻暴爽神作,topic,222,1,lrts
万千听众鼎力推荐，热播有声,LR_TAG_TOPIC_万千听众鼎力推荐_热播有声,LR_TAG_GROUP_TOPIC,万千听众鼎力推荐，热播有声,topic,223,1,lrts
【科幻空间】5月畅销榜top10,LR_TAG_TOPIC_科幻空间_5月畅销榜TOP10,LR_TAG_GROUP_TOPIC,【科幻空间】5月畅销榜top10,topic,224,1,lrts
玄幻+御兽流,LR_TAG_TOPIC_玄幻_御兽流,LR_TAG_GROUP_TOPIC,玄幻+御兽流,topic,225,1,lrts
甜到上头,LR_TAG_TOPIC_甜到上头,LR_TAG_GROUP_TOPIC,甜到上头,topic,226,1,lrts
期待将播,LR_TAG_TOPIC_期待将播,LR_TAG_GROUP_TOPIC,期待将播,topic,227,1,lrts
从理财入门到洞察股市：商业财经100本好书解读,LR_TAG_TOPIC_从理财入门到洞察股市_商业财经100本好书解读,LR_TAG_GROUP_TOPIC,从理财入门到洞察股市：商业财经100本好书解读,topic,228,1,lrts
5月畅销|玄幻完本精品,LR_TAG_TOPIC_5月畅销_玄幻完本精品,LR_TAG_GROUP_TOPIC,5月畅销|玄幻完本精品,topic,229,1,lrts
玄幻+大神：会说话的肘子 超能三部曲,LR_TAG_TOPIC_玄幻_大神_会说话的肘子_超能三部曲,LR_TAG_GROUP_TOPIC,玄幻+大神：会说话的肘子 超能三部曲,topic,230,1,lrts
快速榨干一本书的精华,LR_TAG_TOPIC_快速榨干一本书的精华,LR_TAG_GROUP_TOPIC,快速榨干一本书的精华,topic,231,1,lrts
历史的细节,LR_TAG_TOPIC_历史的细节,LR_TAG_GROUP_TOPIC,历史的细节,topic,232,1,lrts
清华韩秀云讲经济（全三季）,LR_TAG_TOPIC_清华韩秀云讲经济_全三季,LR_TAG_GROUP_TOPIC,清华韩秀云讲经济（全三季）,topic,233,1,lrts
童心飞扬，五一畅听！,LR_TAG_TOPIC_童心飞扬_五一畅听,LR_TAG_GROUP_TOPIC,童心飞扬，五一畅听！,topic,234,1,lrts
理想照耀中国：五四精神永存,LR_TAG_TOPIC_理想照耀中国_五四精神永存,LR_TAG_GROUP_TOPIC,理想照耀中国：五四精神永存,topic,235,1,lrts
五一特辑：劳动节说劳动法,LR_TAG_TOPIC_五一特辑_劳动节说劳动法,LR_TAG_GROUP_TOPIC,五一特辑：劳动节说劳动法,topic,236,1,lrts
无上神帝|全二卷,LR_TAG_TOPIC_无上神帝_全二卷,LR_TAG_GROUP_TOPIC,无上神帝|全二卷,topic,237,1,lrts
特种兵学校五折专场,LR_TAG_TOPIC_特种兵学校五折专场,LR_TAG_GROUP_TOPIC,特种兵学校五折专场,topic,238,1,lrts
世界读书日书单,LR_TAG_TOPIC_世界读书日书单,LR_TAG_GROUP_TOPIC,世界读书日书单,topic,239,1,lrts
精品童书 限时免费,LR_TAG_TOPIC_精品童书_限时免费,LR_TAG_GROUP_TOPIC,精品童书 限时免费,topic,240,1,lrts
凯叔讲故事，全年最低价！,LR_TAG_TOPIC_凯叔讲故事_全年最低价,LR_TAG_GROUP_TOPIC,凯叔讲故事，全年最低价！,topic,241,1,lrts
玄幻+：守卫人族，守卫地球,LR_TAG_TOPIC_玄幻_守卫人族_守卫地球,LR_TAG_GROUP_TOPIC,玄幻+：守卫人族，守卫地球,topic,242,1,lrts
文学大师渡边淳一，带您探索婚恋之道,LR_TAG_TOPIC_文学大师渡边淳一_带您探索婚恋之道,LR_TAG_GROUP_TOPIC,文学大师渡边淳一，带您探索婚恋之道,topic,243,1,lrts
本周上架,LR_TAG_TOPIC_本周上架,LR_TAG_GROUP_TOPIC,本周上架,topic,244,1,lrts
斗罗大陆系列,LR_TAG_TOPIC_斗罗大陆系列,LR_TAG_GROUP_TOPIC,斗罗大陆系列,topic,245,1,lrts
四大养育主题，助力高质量育儿,LR_TAG_TOPIC_四大养育主题_助力高质量育儿,LR_TAG_GROUP_TOPIC,四大养育主题，助力高质量育儿,topic,246,1,lrts
"清明时节,致敬那些永载史册的英雄!",LR_TAG_TOPIC_清明时节_致敬那些永载史册的英雄,LR_TAG_GROUP_TOPIC,"清明时节,致敬那些永载史册的英雄!",topic,247,1,lrts
历史深处的民国,LR_TAG_TOPIC_历史深处的民国,LR_TAG_GROUP_TOPIC,历史深处的民国,topic,248,1,lrts
诺贝尔经济学奖得主作品,LR_TAG_TOPIC_诺贝尔经济学奖得主作品,LR_TAG_GROUP_TOPIC,诺贝尔经济学奖得主作品,topic,249,1,lrts
四大名著经典评书版,LR_TAG_TOPIC_四大名著经典评书版,LR_TAG_GROUP_TOPIC,四大名著经典评书版,topic,250,1,lrts
硬核连载！2022必听新评书,LR_TAG_TOPIC_硬核连载_2022必听新评书,LR_TAG_GROUP_TOPIC,硬核连载！2022必听新评书,topic,251,1,lrts
纯正中国味 曲艺闹元宵,LR_TAG_TOPIC_纯正中国味_曲艺闹元宵,LR_TAG_GROUP_TOPIC,纯正中国味 曲艺闹元宵,topic,252,1,lrts
新评书·盗墓小说听过瘾,LR_TAG_TOPIC_新评书_盗墓小说听过瘾,LR_TAG_GROUP_TOPIC,新评书·盗墓小说听过瘾,topic,253,1,lrts
单田芳三侠剑系列大全,LR_TAG_TOPIC_单田芳三侠剑系列大全,LR_TAG_GROUP_TOPIC,单田芳三侠剑系列大全,topic,254,1,lrts
抗美援朝战争全史,LR_TAG_TOPIC_抗美援朝战争全史,LR_TAG_GROUP_TOPIC,抗美援朝战争全史,topic,255,1,lrts
不鸡娃，不虎妈！好的亲子关系这样教,LR_TAG_TOPIC_不鸡娃_不虎妈_好的亲子关系这样教,LR_TAG_GROUP_TOPIC,不鸡娃，不虎妈！好的亲子关系这样教,topic,256,1,lrts
春运路上，德云相伴,LR_TAG_TOPIC_春运路上_德云相伴,LR_TAG_GROUP_TOPIC,春运路上，德云相伴,topic,257,1,lrts
京剧四大名旦,LR_TAG_TOPIC_京剧四大名旦,LR_TAG_GROUP_TOPIC,京剧四大名旦,topic,258,1,lrts
断舍离，重拾轻盈人生,LR_TAG_TOPIC_断舍离_重拾轻盈人生,LR_TAG_GROUP_TOPIC,断舍离，重拾轻盈人生,topic,259,1,lrts
战“疫”！新型冠状病毒预防,LR_TAG_TOPIC_战_疫_新型冠状病毒预防,LR_TAG_GROUP_TOPIC,战“疫”！新型冠状病毒预防,topic,260,1,lrts
脱口秀音频春晚,LR_TAG_TOPIC_脱口秀音频春晚,LR_TAG_GROUP_TOPIC,脱口秀音频春晚,topic,261,1,lrts
经济学经典必听,LR_TAG_TOPIC_经济学经典必听,LR_TAG_GROUP_TOPIC,经济学经典必听,topic,262,1,lrts
投资理财必听,LR_TAG_TOPIC_投资理财必听,LR_TAG_GROUP_TOPIC,投资理财必听,topic,263,1,lrts
哲学家陈嘉映作品集,LR_TAG_TOPIC_哲学家陈嘉映作品集,LR_TAG_GROUP_TOPIC,哲学家陈嘉映作品集,topic,264,1,lrts
【凯叔讲故事】新年5折专场,LR_TAG_TOPIC_凯叔讲故事_新年5折专场,LR_TAG_GROUP_TOPIC,【凯叔讲故事】新年5折专场,topic,265,1,lrts
度阴山历史人物传记,LR_TAG_TOPIC_度阴山历史人物传记,LR_TAG_GROUP_TOPIC,度阴山历史人物传记,topic,266,1,lrts
漫漫春运 来段评书,LR_TAG_TOPIC_漫漫春运_来段评书,LR_TAG_GROUP_TOPIC,漫漫春运 来段评书,topic,267,1,lrts
中国人民警察日专题,LR_TAG_TOPIC_中国人民警察日专题,LR_TAG_GROUP_TOPIC,中国人民警察日专题,topic,268,1,lrts
